time, error, delta, distance, speed, angle, turn_angle, gyro_cumulative_angle
0, -41, -98.40000000000002, 0, 0, 0, 0, 0
0.1, -42, -63.90000000000001, 7, 122, -7, -126, 0
0.2, -41, -64.70000000000001, 31, 243, -15, -65, -1
0.3, -41, -69.80000000000001, 56, 218, -22, -62, -8
0.4, -40, -71.5, 80, 221, -30, -70, -14
0.5, 22, 72.3, 104, 219, -38, -72, -21
0.6, 24, 17.3, 129, 220, -40, 57, -27
0.7, 25, 20.1, 153, 220, -34, -10, -21
0.7999999999999999, 21, 12.0, 178, 213, -32, 23, -21
0.9, 28, 34.9, 203, 225, -30, 13, -18
1.0, 20, 11.5, 228, 218, -27, 38, -16
1.1, 21, 23.9, 254, 221, -25, 3, -13
1.2, 21, 25.0, 278, 217, -23, 26, -13
1.3, 27, 41.5, 302, 224, -20, 27, -9
1.4, 25, 33.4, 327, 213, -16, 47, -6
1.5, 19, 23.5, 353, 218, -12, 30, -2
1.6, 20, 33.8, 377, 222, -9, 25, 1
1.7, 26, 49.20000000000001, 402, 218, -6, 36, 3
1.800000000000001, 34, 65.0, 427, 221, 0, 52, 7
1.900000000000001, 38, 70.0, 454, 217, 7, 67, 13
2.0, 34, 60.2, 479, 219, 15, 74, 20
2.100000000000001, 28, 53.2, 504, 222, 22, 58, 27
2.200000000000001, 33, 74.0, 529, 218, 28, 54, 33
2.300000000000001, 37, 81.90000000000001, 554, 216, 36, 75, 39
2.400000000000001, 24, 50.40000000000001, 579, 219, 45, 84, 48
2.500000000000001, 31, 82.60000000000002, 605, 218, 52, 44, 55
2.600000000000001, 24, 61.90000000000001, 630, 219, 60, 96, 60
2.700000000000001, 20, 61.70000000000001, 656, 220, 68, 59, 69
2.800000000000001, -37, -69.1, 680, 224, 75, 61, 74
2.900000000000001, -42, -27.8, 706, 217, 76, -69, 79
3.000000000000001, -41, -24.6, 731, 226, 70, -4, 77
3.100000000000001, -39, -24.9, 755, 218, 67, -19, 71
3.200000000000002, 20, 110.8, 779, 216, 64, -24, 70
3.300000000000002, 40, 101.8, 804, 213, 68, 97, 67
3.400000000000002, -6, -24.6, 828, 240, 81, 110, 78
3.500000000000002, -43, -68.00000000000001, 854, 214, 86, -42, 87
3.600000000000002, -4, 58.3, 879, 223, 78, -73, 85
3.700000000000002, 21, 78.90000000000001, 903, 217, 76, 56, 76
3.800000000000002, 38, 96.8, 929, 224, 86, 74, 83
3.900000000000002, 27, 57.20000000000001, 955, 217, 97, 101, 92
4.000000000000002, -38, -85.1, 980, 226, 105, 49, 102
4.100000000000001, -42, -33.5, 1005, 213, 105, -81, 104
4.200000000000001, 13, 98.30000000000002, 1031, 226, 97, -8, 100
4.300000000000001, 27, 78.2, 1054, 213, 100, 81, 97
4.4, 39, 95.7, 1079, 236, 111, 76, 106
4.5, -16, -44.4, 1107, 213, 122, 98, 116
4.6, -42, -53.4, 1134, 221, 127, -45, 123
4.699999999999999, 26, 131.6, 1158, 225, 119, -49, 117
4.799999999999999, 29, 73.40000000000001, 1182, 207, 119, 76, 113
4.899999999999999, 23, 58.90000000000001, 1207, 245, 131, 80, 121
4.999999999999998, 16, 50.40000000000001, 1233, 211, 138, 56, 128
5.099999999999998, -36, -65.80000000000002, 1257, 223, 143, 53, 133
5.199999999999998, -41, -29.4, 1283, 213, 143, -81, 137
5.299999999999997, -36, -16.5, 1307, 228, 138, -10, 135
5.399999999999997, -17, 20.5, 1331, 220, 136, -10, 129
5.499999999999996, -4, 31.00000000000001, 1356, 216, 136, 26, 128
5.599999999999996, -39, -66.40000000000001, 1380, 221, 140, 34, 131
5.699999999999996, -42, -42.5, 1406, 217, 138, -88, 133
5.799999999999995, 5, 69.1, 1430, 224, 132, -33, 128
5.899999999999995, 23, 65.80000000000002, 1454, 216, 133, 80, 124
5.999999999999995, -31, -79.5, 1479, 221, 141, 49, 131
6.099999999999994, -42, -55.0, 1504, 210, 142, -77, 136
6.199999999999994, -23, -2.600000000000001, 1530, 232, 133, -39, 128
6.299999999999994, -15, -4.699999999999999, 1554, 217, 131, 10, 125
6.399999999999993, -18, -21.4, 1578, 219, 131, -4, 125
6.499999999999993, 17, 63.8, 1602, 216, 129, -27, 124
6.599999999999993, 23, 44.90000000000001, 1627, 216, 132, 81, 123
6.699999999999992, 10, 10.0, 1653, 225, 138, 32, 130
6.799999999999992, -11, -26.4, 1678, 217, 140, -2, 133
6.899999999999991, -14, -13.7, 1703, 215, 138, -38, 133
6.999999999999991, -25, -38.5, 1727, 220, 137, -12, 130
7.099999999999991, -12, 1.199999999999999, 1752, 222, 133, -45, 128
7.19999999999999, 15, 51.8, 1776, 223, 132, 12, 123
7.29999999999999, 26, 52.7, 1800, 219, 136, 72, 126
7.39999999999999, -42, -118.9, 1827, 222, 142, 54, 134
7.499999999999989, -41, -52.7, 1853, 209, 141, -90, 137
7.599999999999989, -32, -36.20000000000001, 1879, 237, 130, -39, 135
7.699999999999989, 31, 102.8, 1903, 216, 127, -31, 122
7.799999999999988, 36, 54.90000000000001, 1927, 213, 129, 84, 120
7.899999999999988, -26, -95.30000000000001, 1952, 236, 138, 37, 129
7.999999999999988, -42, -74.30000000000001, 1977, 211, 137, -80, 132
8.099999999999987, 22, 91.09999999999999, 2002, 238, 127, -64, 127
8.199999999999987, 22, 29.3, 2026, 213, 125, 54, 116
8.299999999999986, 29, 48.30000000000001, 2051, 239, 132, 13, 124
8.399999999999986, 38, 65.8, 2076, 213, 137, 52, 127
8.499999999999986, -38, -121.8, 2102, 220, 144, 74, 133
8.599999999999985, -41, -56.80000000000001, 2127, 217, 145, -72, 138
8.699999999999985, -42, -60.30000000000001, 2152, 237, 134, -54, 131
8.799999999999985, -41, -61.10000000000001, 2175, 212, 128, -65, 124
8.899999999999984, -1, 29.8, 2201, 217, 121, -63, 118
8.999999999999984, 31, 66.5, 2226, 214, 120, 48, 112
9.099999999999984, -39, -130.4, 2251, 221, 127, 73, 117
9.199999999999983, -43, -73.90000000000001, 2275, 218, 129, -61, 123
9.299999999999983, -42, -71.8, 2300, 240, 117, -79, 113
9.399999999999983, -42, -77.0, 2325, 213, 109, -67, 107
9.499999999999982, -40, -76.40000000000001, 2349, 220, 101, -85, 101
9.599999999999982, -40, -82.4, 2374, 217, 92, -70, 94
9.699999999999982, -14, -24.0, 2398, 224, 83, -87, 83
9.799999999999981, 26, 44.6, 2422, 224, 78, -11, 79
9.899999999999981, 26, 7.200000000000003, 2446, 218, 81, 59, 77
9.99999999999998, -28, -119.8, 2471, 223, 83, -3, 81
10.09999999999998, -39, -95.0, 2496, 207, 77, -111, 81
10.19999999999998, 19, 51.3, 2521, 237, 65, -93, 68
10.29999999999998, 17, -9.600000000000001, 2545, 219, 60, 35, 60
10.39999999999998, 30, 25.3, 2570, 228, 63, -31, 65
10.49999999999998, 34, 24.9, 2595, 215, 65, 39, 64
10.59999999999998, -41, -155.7, 2620, 226, 68, 32, 68
10.69999999999998, -41, -84.80000000000002, 2646, 209, 63, -110, 69
10.79999999999998, -42, -91.30000000000001, 2670, 254, 49, -92, 66
10.89999999999998, -41, -92.10000000000001, 2695, 216, 39, -91, 46
10.99999999999998, 4, 10.8, 2719, 217, 29, -95, 38
11.09999999999998, 18, -0.1999999999999993, 2743, 219, 25, 22, 31
11.19999999999998, -42, -156.4, 2768, 224, 26, -5, 34
11.29999999999998, -40, -95.80000000000002, 2795, 197, 19, -132, 33
11.39999999999998, -37, -94.59999999999999, 2819, 260, 4, -102, 27
11.49999999999997, 15, 23.5, 2844, 209, -7, -87, 12
11.59999999999997, 31, 11.4, 2869, 221, -11, 29, 5
11.69999999999997, -22, -128.7, 2893, 217, -9, -1, 2
11.79999999999997, -40, -121.1, 2917, 213, -13, -103, 1
11.89999999999998, 28, 56.09999999999999, 2940, 242, -28, -123, -8
11.99999999999997, 17, -35.5, 2965, 220, -36, 6, -20
12.09999999999997, 18, -20.4, 2990, 231, -33, -45, -18
12.19999999999997, 22, -10.0, 3014, 216, -36, -5, -18
12.29999999999997, 21, -14.2, 3038, 218, -38, -4, -21
12.39999999999997, 23, -6.300000000000001, 3062, 221, -39, -15, -22
12.49999999999997, 28, 6.0, 3086, 220, -40, -6, -24
12.59999999999997, 33, 15.8, 3111, 219, -40, 11, -23
12.69999999999997, 28, 2.099999999999998, 3135, 224, -38, 16, -22
12.79999999999997, 25, 2.699999999999999, 3161, 222, -38, 1, -21
12.89999999999997, 23, 3.400000000000002, 3187, 218, -37, 1, -21
12.99999999999997, 23, 7.699999999999999, 3212, 221, -37, 7, -21
13.09999999999997, 28, 22.0, 3238, 217, -36, 6, -21
13.19999999999997, 27, 17.4, 3264, 221, -34, 21, -19
13.29999999999997, 24, 13.9, 3289, 218, -32, 14, -17
13.39999999999997, 27, 26.5, 3314, 220, -31, 14, -16
13.49999999999997, 27, 26.20000000000001, 3339, 216, -28, 30, -14
13.59999999999997, -42, -136.7, 3364, 222, -25, 24, -11
13.69999999999997, -41, -69.5, 3388, 213, -28, -92, -10
13.79999999999997, -42, -77.0, 3412, 248, -40, -77, -13
13.89999999999997, -42, -80.20000000000001, 3437, 216, -48, -81, -24
13.99999999999997, -42, -84.40000000000001, 3461, 219, -56, -82, -28
14.09999999999997, -42, -88.59999999999999, 3484, 217, -66, -83, -36
14.19999999999997, -43, -95.20000000000001, 3509, 219, -76, -90, -51
14.29999999999997, -42, -96.09999999999999, 3533, 219, -86, -97, -59
14.39999999999997, -41, -98.90000000000001, 3558, 222, -97, -99, -68
14.49999999999997, -41, -104.0, 3583, 221, -108, -96, -76
14.59999999999996, -41, -108.1, 3608, 221, -119, -108, -85
14.69999999999996, -42, -114.6, 3632, 221, -131, -109, -94
14.79999999999996, 14, 16.59999999999999, 3656, 217, -143, -115, -105
14.89999999999996, 21, -21.2, 3680, 222, -150, 11, -115
14.99999999999996, 33, 2.699999999999996, 3705, 225, -150, -41, -118
15.09999999999996, 35, -1.200000000000003, 3731, 219, -150, 5, -121
15.19999999999996, 26, -21.3, 3755, 216, -150, 3, -120
15.29999999999996, 21, -21.7, 3780, 220, -152, -27, -121
15.39999999999996, 25, -5.0, 3804, 223, -155, -22, -123
15.49999999999996, 40, 29.5, 3828, 220, -155, -2, -124
15.59999999999996, 33, 1.699999999999996, 3852, 219, -153, 43, -124
15.69999999999996, 21, -16.8, 3878, 216, -152, -6, -121
15.79999999999996, 24, 4.5, 3904, 220, -154, -16, -123
15.89999999999996, 19, -8.100000000000001, 3929, 218, -154, 13, -124
15.99999999999996, 13, -15.6, 3953, 221, -155, -10, -123
16.09999999999996, -36, -125.9, 3977, 217, -156, -19, -125
16.19999999999996, -41, -92.5, 4001, 205, -163, -123, -126
16.29999999999996, 11, 33.2, 4026, 240, -176, -84, -134
16.39999999999996, 22, 8.699999999999999, 4050, 216, -180, 31, -145
16.49999999999997, 8, -33.70000000000001, 4075, 227, -177, -2, -143
16.59999999999997, 21, 12.3, 4101, 215, -180, -46, -143
16.69999999999997, 17, -8.199999999999999, 4125, 221, -180, 27, -148
16.79999999999997, -13, -74.5, 4150, 223, -180, -13, -145
16.89999999999997, 8, 4.600000000000001, 4175, 218, -186, -88, -147
16.99999999999997, 25, 25.2, 4199, 227, -190, 28, -155
17.09999999999997, 20, -1.300000000000001, 4223, 223, -187, 28, -153
17.19999999999998, 28, 24.9, 4250, 219, -186, -11, -152
17.29999999999998, 28, 19.7, 4274, 213, -184, 31, -152
17.39999999999998, 22, 8.100000000000001, 4298, 222, -182, 17, -149
17.49999999999998, 13, -5.299999999999999, 4324, 219, -181, 4, -148
17.59999999999998, -15, -62.20000000000001, 4350, 220, -181, -12, -148
17.69999999999998, -11, -26.1, 4375, 215, -186, -79, -148
17.79999999999998, 29, 64.80000000000001, 4399, 223, -190, -12, -154
17.89999999999998, 33, 37.3, 4423, 221, -188, 80, -156
17.99999999999999, 23, 12.6, 4448, 225, -182, 25, -150
18.09999999999999, -13, -61.5, 4473, 216, -180, 3, -148
18.19999999999999, -18, -38.80000000000001, 4500, 223, -184, -82, -148
18.29999999999999, 12, 36.4, 4525, 223, -189, -23, -155
18.39999999999999, 35, 62.8, 4548, 219, -189, 53, -157
18.49999999999999, 27, 24.1, 4574, 221, -182, 65, -151
18.59999999999999, -10, -54.0, 4598, 216, -178, 13, -146
18.7, -25, -54.0, 4625, 220, -181, -74, -146
18.8, 26, 80.90000000000002, 4649, 219, -188, -56, -148
18.9, 28, 37.3, 4674, 221, -188, 70, -156
19.0, 8, -9.9, 4699, 229, -180, 21, -148
19.1, -34, -89.9, 4723, 211, -180, -22, -146
19.2, -11, 3.899999999999999, 4749, 220, -187, -106, -148
19.30000000000001, 30, 78.2, 4774, 220, -192, 27, -155
19.40000000000001, 38, 59.4, 4797, 221, -186, 90, -155
19.50000000000001, -36, -122.4, 4824, 217, -178, 54, -146
19.60000000000001, -43, -68.8, 4848, 219, -177, -63, -143
19.70000000000001, -41, -61.30000000000001, 4873, 235, -189, -71, -150
19.80000000000001, 32, 107.8, 4896, 209, -195, -65, -157
19.90000000000001, 33, 40.4, 4921, 217, -195, 60, -162
20.00000000000001, 33, 42.7, 4948, 238, -186, 19, -152
20.10000000000002, 22, 19.6, 4972, 211, -182, 44, -149
20.20000000000002, -11, -46.4, 4998, 215, -179, 17, -145
20.30000000000002, 10, 35.9, 5026, 220, -183, -67, -146
20.40000000000002, 20, 39.9, 5051, 219, -183, 54, -150
20.50000000000002, 18, 27.1, 5075, 223, -178, 33, -144
20.60000000000002, 25, 47.7, 5101, 221, -174, 22, -141
20.70000000000003, 38, 74.40000000000001, 5126, 213, -170, 51, -138
20.80000000000003, 18, 17.2, 5152, 217, -161, 81, -132
20.90000000000003, 21, 46.2, 5178, 223, -157, 8, -124
21.00000000000003, 38, 86.09999999999999, 5202, 220, -153, 51, -124
21.10000000000003, 29, 51.30000000000001, 5226, 219, -145, 97, -117
21.20000000000003, 21, 44.0, 5251, 221, -138, 43, -108
21.30000000000003, 31, 78.10000000000001, 5275, 218, -133, 38, -105
21.40000000000004, -33, -82.4, 5303, 218, -124, 87, -99
21.50000000000003, -42, -43.3, 5328, 219, -122, -54, -91
21.60000000000004, -42, -38.5, 5353, 225, -130, -24, -91
21.70000000000004, -15, 22.1, 5378, 221, -134, -34, -99
21.80000000000004, 39, 123.2, 5404, 215, -134, 31, -104
21.90000000000004, 38, 70.7, 5428, 210, -125, 133, -98
22.00000000000004, -19, -61.3, 5453, 234, -114, 52, -86
22.10000000000004, -34, -42.20000000000001, 5479, 220, -113, -68, -83
22.20000000000005, 22, 103.8, 5504, 222, -120, -26, -85
22.30000000000005, 25, 57.20000000000001, 5527, 214, -119, 80, -91
22.40000000000005, 39, 90.30000000000001, 5552, 235, -109, 46, -83
22.50000000000005, 42, 87.4, 5576, 210, -100, 104, -77
22.60000000000005, 36, 74.20000000000001, 5601, 220, -91, 87, -68
22.70000000000005, 19, 43.0, 5627, 222, -81, 70, -61
22.80000000000006, 24, 73.90000000000001, 5652, 218, -76, 34, -54
22.90000000000006, 32, 90.50000000000001, 5677, 219, -68, 80, -49
23.00000000000006, 31, 83.30000000000002, 5702, 219, -58, 95, -39
23.10000000000006, 3, 20.2, 5728, 220, -49, 79, -31
23.20000000000006, -36, -45.10000000000001, 5752, 216, -43, 5, -24
23.30000000000006, -2, 71.90000000000001, 5778, 217, -47, -63, -26
23.40000000000007, 33, 121.7, 5802, 215, -46, 82, -31
23.50000000000006, -31, -63.6, 5827, 221, -33, 126, -21
23.60000000000007, -39, -21.9, 5853, 217, -26, -31, -9
23.70000000000007, -40, -20.2, 5877, 226, -31, -6, -9
23.80000000000007, -41, -25.6, 5901, 215, -33, -21, -15
23.90000000000007, -42, -31.1, 5926, 218, -36, -30, -15
24.00000000000007, -42, -34.3, 5950, 223, -39, -33, -21
24.10000000000007, -42, -38.5, 5974, 215, -43, -34, -23
24.20000000000007, -36, -28.3, 5998, 219, -47, -37, -27
24.30000000000008, 32, 125.3, 6022, 224, -50, -27, -31
24.40000000000008, 36, 70.10000000000002, 6047, 212, -47, 94, -32
24.50000000000008, -36, -103.1, 6072, 243, -35, 63, -21
24.60000000000008, -41, -46.70000000000001, 6098, 208, -35, -80, -16
24.70000000000008, 4, 62.20000000000001, 6124, 236, -45, -36, -17
24.80000000000008, 21, 58.40000000000001, 6147, 220, -44, 72, -27
24.90000000000009, 23, 48.30000000000001, 6172, 223, -36, 48, -20
25.00000000000009, 23, 48.6, 6196, 216, -31, 43, -15
25.10000000000009, 24, 53.30000000000001, 6222, 220, -25, 49, -11
25.20000000000009, 23, 52.3, 6248, 217, -19, 54, -5
25.30000000000009, 34, 82.00000000000001, 6276, 222, -12, 51, 1
25.40000000000009, 36, 79.20000000000001, 6303, 220, -3, 90, 8
25.5000000000001, 21, 44.8, 6328, 221, 6, 78, 17
25.60000000000009, 18, 54.70000000000001, 6354, 216, 12, 38, 24
25.7000000000001, 28, 83.5, 6379, 221, 18, 52, 27
25.8000000000001, -6, -5.300000000000001, 6405, 221, 27, 90, 35
25.9000000000001, -41, -55.90000000000001, 6430, 220, 31, -21, 42
26.0000000000001, 5, 85.40000000000001, 6455, 222, 26, -68, 42
26.1000000000001, 25, 87.90000000000001, 6480, 216, 26, 74, 33
26.2000000000001, 21, 60.8, 6504, 231, 37, 86, 42
26.30000000000011, 32, 93.30000000000002, 6531, 215, 45, 50, 50
26.40000000000011, -2, 3.899999999999999, 6557, 219, 55, 109, 57
26.50000000000011, -42, -58.3, 6583, 217, 60, -17, 66
26.60000000000011, -42, -22.5, 6607, 218, 55, -75, 66
26.70000000000011, 15, 110.1, 6632, 221, 51, -6, 58
26.80000000000011, 19, 64.20000000000001, 6655, 207, 54, 98, 59
26.90000000000011, 6, 30.90000000000001, 6680, 238, 65, 52, 68
27.00000000000012, -16, -8.300000000000001, 6707, 215, 69, 24, 73
27.10000000000012, 2, 55.30000000000001, 6731, 222, 70, -14, 74
27.20000000000012, 17, 73.50000000000001, 6755, 211, 72, 68, 74
27.30000000000012, -1, 17.00000000000001, 6781, 223, 81, 73, 81
27.40000000000012, -24, -20.30000000000001, 6807, 219, 85, -1, 87
27.50000000000012, 28, 125.1, 6831, 216, 84, -31, 86
27.60000000000012, 20, 56.70000000000001, 6856, 213, 87, 99, 85
27.70000000000012, 16, 57.10000000000001, 6880, 237, 99, 43, 95
27.80000000000013, 23, 79.5, 6906, 217, 105, 55, 99
27.90000000000013, -20, -28.4, 6931, 220, 113, 90, 107
28.00000000000013, -42, -40.2, 6957, 218, 116, -43, 113
28.10000000000013, -30, 6.399999999999999, 6981, 218, 111, -39, 112
28.20000000000013, 0, 63.4, 7005, 227, 110, 20, 106
28.30000000000013, -34, -48.2, 7031, 220, 116, 76, 109
28.40000000000014, -40, -32.0, 7057, 221, 117, -62, 115
28.50000000000014, -41, -32.40000000000001, 7082, 225, 112, -19, 112
28.60000000000014, -31, -11.5, 7106, 227, 109, -24, 108
28.70000000000014, 8, 69.0, 7131, 210, 106, -8, 104
28.80000000000014, 7, 28.4, 7157, 220, 111, 90, 106
28.90000000000014, -42, -87.5, 7182, 225, 116, 15, 113
29.00000000000015, -42, -42.7, 7207, 211, 113, -91, 113
29.10000000000014, 9, 75.50000000000001, 7236, 229, 105, -15, 106
29.20000000000014, 28, 71.00000000000001, 7259, 216, 106, 73, 102
29.30000000000015, -10, -36.4, 7285, 228, 116, 65, 109
29.40000000000015, -18, -18.6, 7309, 213, 117, -52, 115
29.50000000000015, -43, -72.40000000000001, 7335, 220, 114, -8, 114
29.60000000000015, -42, -49.30000000000001, 7359, 219, 108, -89, 109
29.70000000000015, 24, 103.9, 7384, 222, 102, -40, 102
29.80000000000016, 25, 42.7, 7408, 212, 102, 77, 99
29.90000000000016, -11, -42.20000000000001, 7432, 242, 111, 31, 108
30.00000000000016, -15, -16.9, 7458, 216, 110, -59, 110
30.10000000000016, 17, 62.40000000000001, 7483, 222, 106, 0, 106
30.20000000000016, 16, 29.70000000000001, 7507, 215, 110, 74, 105
30.30000000000016, -23, -61.3, 7533, 224, 115, 22, 112
30.40000000000016, -39, -63.00000000000001, 7558, 218, 112, -80, 112
30.50000000000017, 24, 100.3, 7584, 221, 104, -60, 104
30.60000000000016, 19, 27.7, 7608, 215, 103, 58, 99
30.70000000000017, 33, 68.2, 7632, 240, 112, 14, 106
30.80000000000017, 28, 45.5, 7657, 213, 117, 82, 109
30.90000000000017, -40, -109.9, 7683, 221, 123, 40, 116
31.00000000000017, -42, -50.7, 7709, 210, 122, -90, 118
31.10000000000017, -41, -50.50000000000001, 7734, 240, 112, -36, 109
31.20000000000017, -7, 26.0, 7757, 215, 107, -47, 104
31.30000000000018, 17, 48.90000000000001, 7782, 219, 106, 39, 100
31.40000000000018, 17, 26.6, 7807, 220, 111, 50, 105
31.50000000000018, -38, -103.7, 7832, 219, 115, 22, 109
31.60000000000018, -40, -57.3, 7859, 211, 111, -105, 111
31.70000000000018, 29, 106.3, 7884, 230, 102, -40, 109
31.80000000000018, 21, 21.0, 7907, 217, 101, 68, 97
31.90000000000019, -36, -105.7, 7932, 235, 110, 11, 105
32.00000000000019, -41, -64.30000000000001, 7958, 205, 105, -100, 106
32.10000000000019, -17, -5.800000000000001, 7983, 233, 95, -51, 98
32.20000000000019, -5, -2.700000000000001, 8007, 219, 92, 11, 90
32.30000000000019, -43, -106.4, 8032, 222, 92, -6, 91
32.40000000000019, -43, -72.7, 8056, 214, 87, -112, 91
32.5000000000002, -32, -50.6, 8081, 224, 76, -57, 87
32.60000000000019, 22, 64.8, 8105, 218, 70, -40, 77
32.7000000000002, 28, 27.4, 8130, 220, 70, 61, 69
32.8000000000002, -41, -141.4, 8155, 236, 76, 6, 76
32.9000000000002, -41, -76.5, 8179, 200, 73, -95, 77
33.0000000000002, -40, -78.2, 8204, 260, 60, -90, 71
33.1000000000002, -38, -78.40000000000001, 8228, 210, 51, -74, 58
33.2000000000002, 15, 43.0, 8252, 216, 43, -80, 55
33.3000000000002, 14, -10.9, 8277, 218, 40, 42, 44
33.40000000000021, 9, -20.5, 8301, 228, 42, -30, 48
33.50000000000021, 4, -26.6, 8327, 214, 40, -27, 46
33.60000000000021, -36, -117.2, 8352, 222, 37, -28, 44
33.70000000000021, -39, -88.00000000000001, 8377, 204, 29, -132, 41
33.80000000000021, 28, 71.90000000000001, 8402, 230, 17, -74, 33
33.90000000000021, 20, -11.5, 8426, 216, 13, 41, 21
34.00000000000022, 1, -47.1, 8451, 231, 18, -33, 27
34.10000000000021, -31, -104.8, 8476, 213, 13, -49, 24
34.20000000000022, -43, -104.7, 8501, 222, 3, -117, 17
34.30000000000022, 23, 61.40000000000001, 8525, 219, -8, -101, 7
34.40000000000022, 35, 26.5, 8549, 223, -14, 27, -2
34.50000000000022, -41, -164.4, 8574, 223, -8, 13, 0
34.60000000000022, -41, -92.5, 8597, 208, -11, -88, 3
34.70000000000022, -41, -96.60000000000002, 8620, 249, -25, -109, -3
34.80000000000023, -40, -98.30000000000002, 8646, 208, -36, -93, -16
34.90000000000023, 12, 21.5, 8670, 219, -47, -104, -22
35.00000000000023, 21, -7.699999999999999, 8695, 226, -52, 27, -31
35.10000000000023, 23, -9.800000000000001, 8719, 224, -50, -22, -33
35.20000000000023, 20, -16.7, 8744, 219, -51, -10, -34
35.30000000000023, 21, -9.300000000000001, 8769, 218, -53, -13, -35
35.40000000000024, 20, -10.6, 8793, 221, -54, -10, -36
35.50000000000024, 21, -5.199999999999999, 8818, 216, -55, -12, -37
35.60000000000024, 23, 0.6999999999999993, 8842, 218, -56, -5, -38
35.70000000000024, 32, 22.6, 8866, 220, -56, -1, -39
35.80000000000024, 34, 21.6, 8891, 218, -54, 27, -38
35.90000000000024, 37, 30.2, 8916, 221, -52, 22, -35
36.00000000000025, 36, 28.50000000000001, 8942, 219, -48, 30, -32
36.10000000000024, 34, 28.3, 8968, 218, -45, 28, -29
36.20000000000025, 27, 16.9, 8994, 217, -42, 30, -26
36.30000000000025, -17, -79.0, 9018, 217, -40, 8, -24
36.40000000000025, -43, -99.1, 9046, 218, -45, -103, -23
36.50000000000025, -42, -75.0, 9070, 223, -56, -100, -26
36.60000000000025, -40, -75.40000000000001, 9095, 221, -65, -66, -43
36.70000000000025, -40, -81.40000000000001, 9119, 222, -73, -76, -50
36.80000000000025, -40, -85.40000000000001, 9143, 216, -82, -86, -57
36.90000000000026, -42, -94.2, 9167, 218, -91, -83, -65
37.00000000000026, -35, -79.6, 9192, 221, -101, -95, -72
37.10000000000026, 12, 22.7, 9216, 224, -111, -71, -82
37.20000000000026, 16, -13.50000000000001, 9240, 220, -114, 33, -87
37.30000000000026, -40, -150.3, 9264, 221, -113, -24, -86
37.40000000000026, -40, -98.30000000000002, 9289, 200, -121, -129, -86
37.50000000000027, 37, 82.5, 9314, 257, -135, -105, -92
37.60000000000026, 30, -7.600000000000001, 9339, 205, -141, 27, -113
37.70000000000027, 22, -16.8, 9365, 235, -135, -34, -107
37.80000000000027, 17, -18.6, 9390, 214, -138, -10, -107
37.90000000000027, -2, -57.5, 9413, 222, -140, -15, -109
38.00000000000027, -29, -103.5, 9438, 215, -145, -70, -110
38.10000000000027, 15, 26.2, 9464, 220, -156, -113, -115
38.20000000000027, 23, 2.900000000000002, 9489, 219, -162, 19, -123
38.30000000000028, 21, -7.599999999999998, 9513, 229, -159, -12, -126
38.40000000000028, -17, -94.70000000000001, 9537, 216, -160, -7, -127
38.50000000000028, -40, -113.6, 9561, 219, -166, -108, -128
38.60000000000028, 19, 47.0, 9586, 222, -179, -114, -136
38.70000000000028, 21, -5.300000000000001, 9611, 218, -185, 29, -147
38.80000000000028, 24, 2.0, 9636, 222, -182, -27, -146
38.90000000000029, 8, -37.0, 9662, 214, -182, 0, -147
39.00000000000029, -42, -140.2, 9687, 223, -185, -44, -146
39.10000000000029, -39, -87.20000000000001, 9712, 203, -195, -144, -154
39.20000000000029, 26, 61.90000000000001, 9737, 240, -208, -81, -166
39.30000000000029, 26, -0.5, 9761, 213, -212, 41, -174
39.40000000000029, 23, -5.099999999999998, 9785, 223, -207, -16, -169
39.50000000000029, 24, 2.600000000000001, 9811, 223, -208, -2, -169
39.60000000000029, 28, 13.6, 9835, 223, -209, 7, -170
39.70000000000029, 33, 24.4, 9862, 216, -207, 16, -169
39.8000000000003, 22, -3.699999999999999, 9887, 217, -205, 30, -167
39.9000000000003, 18, -0.1, 9911, 223, -204, -10, -165
40.0000000000003, 21, 12.9, 9935, 222, -204, 2, -167
40.1000000000003, 7, -21.6, 9960, 222, -203, 17, -166
40.20000000000031, -10, -47.7, 9985, 218, -205, -33, -165
40.3000000000003, 23, 47.5, 10009, 218, -209, -52, -168
40.4000000000003, 24, 19.2, 10035, 219, -209, 68, -173
40.50000000000031, 7, -20.2, 10060, 225, -205, 3, -167
40.60000000000031, -10, -43.3, 10084, 219, -206, -32, -168
40.70000000000031, -14, -36.9, 10108, 216, -210, -50, -171
40.80000000000031, -12, -29.5, 10133, 216, -215, -32, -176
40.90000000000031, 35, 80.1, 10158, 222, -218, -29, -178
41.00000000000032, 28, 19.8, 10182, 223, -216, 77, -180
41.10000000000031, 21, 12.8, 10207, 230, -210, -10, -173
41.20000000000032, -20, -76.5, 10231, 213, -209, 10, -173
41.30000000000032, -17, -30.30000000000001, 10256, 219, -213, -91, -172
41.40000000000032, 22, 58.6, 10280, 223, -219, -9, -177
41.50000000000032, 28, 36.20000000000001, 10306, 215, -216, 82, -181
41.60000000000032, 31, 40.2, 10333, 220, -210, 26, -174
41.70000000000033, 26, 28.3, 10359, 226, -206, 39, -171
41.80000000000033, 31, 47.90000000000001, 10386, 217, -202, 22, -167
41.90000000000032, 28, 38.8, 10410, 218, -197, 52, -164
42.00000000000033, -30, -94.59999999999999, 10434, 219, -193, 37, -159
42.10000000000033, -41, -66.00000000000001, 10460, 214, -195, -91, -157
42.20000000000034, -32, -37.5, 10485, 227, -205, -52, -164
42.30000000000033, 13, 58.30000000000001, 10509, 213, -210, -25, -170
42.40000000000033, 29, 53.00000000000001, 10533, 221, -208, 67, -172
42.50000000000034, -40, -125.7, 10558, 225, -201, 43, -165
42.60000000000034, -43, -67.90000000000001, 10585, 203, -203, -100, -161
42.70000000000034, -43, -69.20000000000001, 10610, 253, -215, -68, -162
42.80000000000034, 22, 82.5, 10634, 216, -222, -68, -178
42.90000000000034, 33, 46.09999999999999, 10659, 216, -224, 58, -182
43.00000000000034, 36, 45.6, 10685, 233, -216, 30, -175
43.10000000000034, 32, 36.6, 10709, 216, -211, 44, -171
43.20000000000035, -2, -37.8, 10733, 225, -207, 37, -167
43.30000000000035, -11, -25.6, 10758, 217, -207, -52, -164
43.40000000000034, 20, 56.70000000000001, 10782, 221, -211, -17, -166
43.50000000000035, 20, 27.7, 10806, 221, -209, 69, -169
43.60000000000035, 20, 29.7, 10831, 229, -205, 16, -163
43.70000000000036, 31, 58.10000000000001, 10856, 218, -201, 23, -162
43.80000000000035, 35, 59.8, 10881, 222, -196, 65, -157
43.90000000000035, 20, 23.3, 10907, 223, -188, 62, -150
44.00000000000036, 23, 47.5, 10932, 216, -185, 13, -145
44.10000000000036, 40, 87.6, 10958, 221, -180, 52, -143
44.20000000000036, 25, 38.6, 10984, 216, -171, 101, -135
44.30000000000036, 19, 41.70000000000001, 11009, 222, -165, 26, -127
44.40000000000036, 37, 92.80000000000001, 11034, 220, -161, 45, -125
44.50000000000037, 4, -0.6999999999999957, 11059, 217, -152, 109, -119
44.60000000000036, -42, -77.7, 11085, 222, -147, -21, -110
44.70000000000037, -42, -35.90000000000001, 11109, 219, -152, -88, -111
44.80000000000037, 27, 125.5, 11133, 227, -158, -16, -117
44.90000000000037, 38, 85.6, 11158, 213, -156, 91, -121
45.00000000000037, 11, 13.6, 11182, 237, -143, 84, -111
45.10000000000037, -33, -63.90000000000001, 11208, 219, -139, -3, -104
45.20000000000038, 10, 80.0, 11232, 218, -143, -72, -106
45.30000000000038, 23, 69.20000000000001, 11258, 221, -144, 76, -112
45.40000000000037, 31, 77.7, 11283, 235, -134, 54, -103
45.50000000000038, 42, 99.20000000000002, 11309, 213, -125, 77, -97
45.60000000000038, 40, 87.6, 11334, 220, -115, 109, -88
45.70000000000038, 2, 2.400000000000006, 11360, 222, -105, 83, -78
45.80000000000038, -41, -62.60000000000001, 11385, 219, -100, -14, -71
45.90000000000038, 12, 103.5, 11410, 222, -105, -78, -73
46.00000000000039, 35, 106.9, 11435, 219, -107, 69, -81
46.10000000000039, 28, 70.6, 11459, 240, -93, 118, -72
46.20000000000039, 24, 70.80000000000002, 11485, 213, -84, 56, -61
46.30000000000039, 22, 72.40000000000001, 11510, 223, -76, 71, -55
46.40000000000039, 25, 83.80000000000001, 11536, 221, -67, 77, -47
46.50000000000039, 35, 107.3, 11561, 222, -59, 90, -39
46.60000000000039, -39, -76.8, 11587, 217, -46, 114, -29
46.7000000000004, -41, -11.5, 11613, 219, -41, -37, -20
46.8000000000004, -42, -16.0, 11637, 225, -47, 3, -25
46.90000000000039, -42, -19.2, 11661, 215, -48, -21, -26
47.0000000000004, -41, -21.00000000000001, 11688, 223, -50, -24, -28
47.1000000000004, -43, -30.9, 11712, 220, -52, -19, -31
47.20000000000041, -42, -30.8, 11737, 220, -55, -30, -33
47.3000000000004, -42, -36.0, 11760, 208, -59, -33, -36
47.4000000000004, -41, -37.80000000000001, 11786, 222, -63, -37, -40
