time, x_pid, y_pid, theta_pid, x_state, y_state, theta_state, x_gyro, y_gyro, theta_gyro, x_kalman, y_kalman, theta_kalman, velocity, turn_rate, reflection, error, command
101, 1.999695390312782, -0.03490481287456703, -1.0, 1.999695390312782, -0.03490481287456703, -1.0, 5.05, 0.0, 0.0, 1.999997527657195, -0.003144736095169193, -0.09009009009009016, 50, -31, 28, -12, -9.6
214, 10.99421283348464, -0.3490002831970758, -2.0, 10.99421283348464, -0.3490002831970758, -2.0, 12.621, 0.0, 0.0, 10.99864026737246, -0.1594420264417618, -0.9950694755714922, 67, -15, 17, -23, -18.38
314, 17.98461957676666, -0.7153519768976826, -3.0, 17.98461957676666, -0.7153519768976826, -3.0, 19.61993386609474, 0.1221668450609846, 1.0, 17.9962538265441, -0.3422109420081423, -1.49615395373556, 70, -17, 10, -30, -25.47
445, 26.91753494153856, -1.81217606754401, -7.0, 27.91008109317989, -1.934045410949157, -7.0, 29.56228951411127, 0.6432236254157333, 3.0, 27.97455392530686, -1.000638720151662, -3.77524442313487, 76, -27, 10, -30, -30.0
552, 34.79599696563622, -3.201361488879453, -10.0, 34.80373536426534, -3.14958265461767, -10.0, 36.47918929639761, 1.370219087442263, 6.000000000000001, 34.94521081199768, -1.640906295490258, -5.24799643378203, 65, -33, 10, -30, -33.0
655, 41.61658741913287, -4.776018869286508, -13.0, 41.62432581776199, -4.724240035024725, -13.0, 43.72101968310472, 2.387991974763222, 8.0, 41.89255320385391, -2.497897363306724, -7.032209484245902, 71, -34, 10, -30, -36.0
784, 50.17609606578926, -7.557171818661035, -18.00000000000001, 50.18383446441837, -7.505392984399252, -18.00000000000001, 52.80605459872031, 4.31907575907857, 12.0, 50.76458552044091, -4.01019448141416, -9.673473931861245, 72, -38, 12, -28, -39.13
885, 56.66638304775677, -10.17941797257242, -22.00000000000001, 56.67412144638589, -10.12763913831064, -22.00000000000001, 59.44003317367363, 6.096644960842683, 15.0, 57.61517297525541, -5.448753317172432, -11.85926221260029, 68, -40, 11, -29, -42.65
1012, 64.68544176545208, -14.26533247022834, -27.00000000000001, 64.69318016408121, -14.21355363596656, -27.00000000000001, 67.79390057246037, 9.137204035007878, 20.0, 66.33999406488005, -7.657258910111047, -14.20485373898313, 70, -45, 10, -30, -47.7
1128, 71.39480630901549, -18.62244475034856, -33.0, 71.4025447076446, -18.57066591608677, -33.0, 74.94285639660546, 12.47081688361852, 25.0, 73.97945990351322, -10.03182449150838, -17.26674653884288, 68, -47, 9, -31, -51.37
1255, 78.28920629708628, -24.40753323752741, -40.00000000000001, 79.06298913883437, -24.99854201295217, -40.00000000000001, 82.3453532054689, 16.91868569854174, 31.0, 83.32913616167591, -13.57915501847497, -20.77708468837091, 68, -51, 11, -29, -54.52999999999999
1362, 83.23895376539211, -29.35728070583325, -45.00000000000001, 84.0127366071402, -29.948289481258, -45.00000000000001, 88.31832567493914, 21.25830421621707, 36.0, 89.76827285645671, -16.3246091932751, -23.09194131295011, 69, -53, 10, -30, -58.12000000000001
1462, 87.64419650274098, -34.79730243603204, -51.00000000000001, 88.41797934448905, -35.3883112114568, -51.00000000000001, 93.5203394532809, 25.94221846072908, 42.0, 96.06731368497471, -19.3778181020567, -25.85993818013497, 70, -59, 9, -31, -61.8
1566, 92.00130878286119, -41.50666697959544, -57.00000000000001, 92.23045258959425, -41.25900518707477, -57.00000000000001, 98.32202068451208, 31.27502572835486, 48.00000000000001, 102.2117753566926, -22.73126271391321, -28.62425661565284, 69, -58, 81, 41, -16.30000000000001
1667, 95.50130878286119, -47.56884480608651, -60.00000000000001, 95.73045258959425, -47.32118301356584, -60.00000000000001, 102.394502946182, 36.67939222484489, 53.00000000000001, 108.3062499152532, -26.17471735352404, -29.46699353833431, 67, -1, 82, 42, -12.52
1773, 98.89497612458555, -53.69118275606229, -61.00000000000001, 99.12411993131862, -53.44352096354161, -61.00000000000001, 106.6685932406078, 42.35130161720076, 53.00000000000001, 114.3562156560628, -29.6957845972771, -30.19931450268253, 67, -14, 85, 45, -6.100000000000001
1873, 102.1812770640868, -59.87181590607477, -62.00000000000002, 102.4104208708198, -59.6241541135541, -62.00000000000002, 110.8418685318844, 48.09532227726289, 54.0, 120.3776551444825, -33.2654157389078, -30.66031988206035, 71, -4, 90, 50, 1.869999999999998
1974, 105.467578003588, -66.05244905608726, -62.00000000000002, 105.6967218103211, -65.80478726356659, -62.00000000000002, 114.9751341108926, 53.5803509602677, 53.00000000000001, 126.3821503193953, -36.8634760072258, -30.93121208059047, 68, 2, 94, 54, 9.619999999999997
2074, 108.8612453453124, -72.17478700606303, -61.00000000000001, 109.0903891520454, -71.92712521354236, -61.00000000000001, 119.4078967332374, 59.2540283862361, 52.0, 132.4152950744323, -40.41328788460331, -30.4719170058378, 72, 12, 92, 52, 13.66
2182, 112.9815499445928, -79.03212541167993, -59.00000000000001, 113.2106937513258, -78.78446361915926, -59.00000000000001, 124.3367921243138, 65.12805717607242, 50.0, 139.3745107513858, -44.3590852896464, -29.55275142471675, 71, 15, 91, 51, 18.17
2302, 117.338662224713, -85.74148995524332, -57.00000000000001, 117.5678060314461, -85.49382816272265, -57.00000000000001, 129.796897872202, 71.19211895196796, 48.00000000000001, 146.3961353450686, -48.19272430048041, -28.63348410620891, 68, 22, 89, 49, 24.3
2422, 122.6287294953453, -93.02264290461785, -54.00000000000001, 122.8578733020783, -92.77498111209718, -54.00000000000001, 135.6517420204266, 77.04696310019258, 45.0, 154.3969675280959, -52.31421485354922, -27.25447794728045, 69, 29, 88, 48, 30.95
2541, 127.7710303728376, -99.1509984495697, -50.00000000000001, 128.0001741795707, -98.90333665704901, -50.00000000000001, 141.8421384166533, 82.62082105116185, 42.0, 161.6388147497884, -55.71357491357006, -25.14560025402176, 70, 34, 87, 47, 37.45000000000001
2661, 133.3282973365096, -104.9057168522789, -46.00000000000001, 133.5574411432426, -104.6580550597582, -46.00000000000001, 148.9196120793102, 87.57652146123489, 35.0, 168.9404995817196, -58.9824277115934, -24.11733358785643, 72, 42, 88, 48, 45.25
2783, 140.2226973245804, -110.6908053394578, -40.00000000000001, 140.4518411313134, -110.4431435469371, -40.00000000000001, 156.7089751910937, 91.89423593914878, 29.0, 177.3223373607414, -62.26035319063693, -21.35921536832404, 73, 47, 87, 47, 51.70000000000001
2906, 146.8549979050207, -115.1643485672237, -34.0, 147.9131792843088, -115.4758796781738, -34.0, 164.5212998823446, 95.21037102663724, 23.0, 185.8521982738683, -65.13114973562423, -18.60109327760165, 69, 53, 88, 48, 59.29
3022, 153.9830500985276, -118.7962725651401, -27.00000000000001, 155.0412314778157, -119.1078036760902, -27.00000000000001, 172.133556238771, 97.68374304961432, 18.0, 193.5852506217049, -67.18051582922931, -14.84296935317241, 69, 62, 89, 49, 67.20000000000001
3132, 161.5005910648149, -121.5324337117454, -20.0, 161.6190798233171, -121.5019446793699, -20.0, 180.0160225218557, 99.21593928248797, 11.0, 200.4416586929013, -68.59107187605352, -11.62515702370718, 73, 67, 92, 52, 74.14000000000001
3246, 169.3536085323962, -123.0589056747578, -11.0, 169.4720972908984, -123.0284166423822, -11.0, 187.9850862091972, 98.79829835166928, -3.0, 208.3466561980948, -69.8203051504505, -8.838750248904285, 70, 73, 92, 52, 81.93000000000001
3371, 178.3522377888037, -123.2159773326934, -1.000000000000003, 178.4707265473059, -123.1854883003178, -1.000000000000003, 196.9603216772502, 96.56052081737236, -14.0, 217.3187637323625, -70.52832096491795, -4.512030802910605, 74, 80, 90, 50, 88.38000000000001
3492, 187.2155075659136, -121.653143733691, 9.999999999999996, 187.3339963244158, -121.6226547013154, 9.999999999999996, 203.8118286921887, 93.21881756539922, -26.0, 226.3186605371351, -70.48522220107308, 0.2743763009620253, 63, 96, 83, 43, 91.08000000000001
3622, 195.6177314043884, -118.4278321877833, 21.0, 195.7362201628906, -118.3973431554077, 21.0, 210.7094212958467, 88.56633260852259, -34.0, 235.2670085134055, -69.52237823885667, 6.141408288743383, 64, 74, 11, -29, 43.67000000000001
3741, 202.8681937006816, -115.0468860938577, 25.0, 202.9866824591838, -115.0163970614821, 25.0, 215.9999394452624, 83.08784068914342, -46.00000000000001, 243.225786943505, -68.71130123845297, 5.818908917013296, 64, 40, 10, -30, 38.55
3861, 209.7963969309571, -111.0468860938577, 30.0, 209.9148856894593, -111.0163970614821, 30.0, 222.2197644890324, 76.4178949303766, -47.0, 251.1229223389814, -67.43253130390146, 9.197971662718256, 76, 39, 10, -30, 34.05000000000001
3981, 217.2577350839525, -106.014149962621, 34.0, 217.3762238424547, -105.9836609302454, 34.0, 226.9169848781867, 69.45397932091424, -56.00000000000001, 259.9946253849058, -65.91830375662351, 9.685940917129397, 70, 28, 10, -30, 29.55
4096, 223.6468191643309, -101.1996297774046, 36.99999999999999, 223.765307922833, -101.169140745029, 36.99999999999999, 230.9994848781867, 62.3828818990143, -60.0, 267.8530581672738, -64.41995993593219, 10.79484744017053, 71, 32, 9, -31, 25.88000000000001
4211, 229.7751747092827, -96.05732889991227, 40.0, 229.8936634677849, -96.02683986753668, 40.0, 234.7063173085601, 55.10781362901628, -63.00000000000001, 275.6731543305806, -62.73292229656716, 12.1739101725374, 71, 26, 10, -30, 23.5
4330, 235.6260043222361, -90.60134201941228, 43.0, 235.7444930807382, -90.57085298703667, 43.0, 237.9146106045855, 47.54954827731829, -67.0, 283.4591369077687, -60.89485937388902, 13.28281669145506, 69, 21, 10, -30, 19.05
4451, 241.9899653529149, -84.23738098873335, 44.99999999999999, 242.1084541114172, -84.20689195635775, 44.99999999999999, 240.6721728728376, 39.54100594199208, -71.00000000000001, 292.204495231212, -58.76913413421664, 13.66187942139288, 70, 20, 10, -30, 14.6
4551, 246.8525739461279, -79.2020023863628, 46.0, 246.9710627046301, -79.1715133539872, 46.0, 242.63106329448, 33.13376407703974, -73.00000000000001, 299.0009342225657, -57.09330089764195, 13.85141078645674, 67, 14, 10, -30, 11.6
4671, 252.2056187969988, -73.25684378254365, 48.00000000000001, 252.324107555501, -73.22635475016805, 48.00000000000001, 244.8051432733412, 25.01998713621156, -75.0, 306.7365623025651, -55.05367882286315, 14.77078593933772, 70, 9, 9, -31, 6.400000000000002
4802, 258.2277942542285, -66.56854035324709, 48.00000000000001, 258.3462830127307, -66.53805132087149, 48.00000000000001, 246.9918752876666, 16.24948406640283, -76.00000000000001, 315.4498662985048, -52.80016301986981, 14.50062972767454, 69, 5, 10, -30, 2.5
4902, 262.820207457162, -61.28557329168768, 49.0, 263.5947552446548, -60.50037467908932, 49.0, 248.5665326680736, 9.428893612906183, -77.0, 323.17870510686, -50.73496310836902, 14.96031730404218, 70, 3, 10, -30, -0.5300000000000007
5002, 267.4126206600956, -56.00260623012828, 49.0, 267.5311094185978, -55.97211719775268, 49.0, 250.0219145037979, 2.581860407769544, -78.00000000000001, 328.9825729918636, -49.21341206636488, 14.69016109223115, 70, -2, 10, -30, -3.549999999999999
5132, 273.4347961173253, -49.31430280083173, 48.00000000000001, 273.5532848758275, -49.28381376845614, 48.00000000000001, 251.8868823704333, -6.192123570812693, -78.00000000000001, 337.7167404159838, -47.04216371404857, 13.96031730413592, 69, -5, 11, -29, -5.879999999999999
5251, 278.7878409681961, -43.36914419701258, 48.00000000000001, 279.5754603330572, -42.59551033915959, 48.00000000000001, 253.5940452637379, -14.22369352043797, -78.00000000000001, 346.4509078401034, -44.87091536172961, 13.96031730415328, 69, -8, 11, -29, -10.28
5361, 284.3451079318681, -37.61442579430337, 46.0, 284.3494488534947, -37.4760344278254, 46.99999999999999, 255.1949652830346, -21.75543004608827, -78.00000000000001, 353.2651090363852, -43.268834821747, 13.23047351603424, 70, -9, 10, -30, -13.9
5482, 290.709068962547, -31.25046476362444, 44.99999999999999, 290.7134098841737, -31.11207339714647, 44.99999999999999, 257.045862558176, -29.77254693914119, -77.0, 362.067098078413, -41.39133944118755, 12.04094215165418, 68, -15, 10, -30, -18.35
5582, 295.8285448738812, -26.47647624318695, 43.0, 295.8328857955078, -26.33808487670898, 43.0, 258.7635080169336, -36.66164659570076, -76.00000000000001, 368.9419291212575, -40.07350100938225, 10.85141078727172, 71, -17, 12, -28, -19.98
5686, 301.1115119354406, -21.88406304025341, 40.99999999999999, 301.1158528570673, -21.74567167377543, 40.99999999999999, 260.6268165422565, -43.1597756602438, -74.0, 375.8370204147065, -38.8661418850936, 9.93203563475965, 65, -13, 57, 17, 8.219999999999999
5809, 307.0566705392598, -16.53101818938254, 41.99999999999998, 307.8041562863638, -15.72349621654571, 41.99999999999998, 262.791579035494, -51.23877927132557, -75.0, 384.6893982553071, -37.24274835078228, 10.39172321101704, 68, 26, 89, 49, 34.1
5932, 313.1946557798223, -9.948834874810011, 46.99999999999999, 313.2601431668638, -9.872666603592346, 46.99999999999999, 264.3875054728234, -59.44910903368182, -79.0, 392.4856033013838, -35.44853908775635, 12.9603173041726, 68, 35, 91, 51, 42.84999999999999
6049, 318.7356090577532, -2.856738092349515, 51.99999999999999, 318.8010964447948, -2.78056982113185, 51.99999999999999, 265.6870065739127, -67.65383607900564, -81.0, 401.1339550665421, -32.95735227298667, 16.0692238210713, 71, 41, 90, 50, 49.67000000000001
6172, 322.9749631716189, 3.927646676901892, 58.0, 323.0404505586604, 4.003814948119556, 58.0, 265.5410346464712, -76.01656220129368, -91.0, 408.7532608826603, -30.51887346838981, 17.74672443112512, 68, 48, 91, 51, 55.32
6301, 326.7785275272852, 12.08441676023174, 64.99999999999999, 326.8440149143267, 12.1605850314494, 64.99999999999999, 263.9729916021388, -84.90937621099391, -100.0, 417.1874716266676, -27.37815872080912, 20.4242250411789, 70, 57, 91, 51, 62.95000000000001
6422, 329.1175011650671, 19.73485480793602, 72.99999999999999, 329.1829885521086, 19.81102307915369, 72.99999999999999, 261.9239131464096, -93.1277810125516, -104.0, 424.4271369658689, -23.97415434707992, 25.18235049871923, 70, 62, 90, 50, 69.93000000000001
6537, 330.5254113504292, 28.62404987329226, 81.0, 330.5908987374707, 28.70021814450993, 81.0, 258.1126629010961, -100.607780783113, -117.0, 432.4095765019507, -19.81715313793918, 27.50907004941476, 73, 72, 89, 49, 76.75000000000001
6662, 330.5254113504292, 36.62404987329227, 89.99999999999998, 330.5908987374707, 37.70021814450993, 89.99999999999998, 253.5501629010962, -108.510262592646, -120.0, 439.9346705905821, -14.88025543216845, 33.26719550695506, 73, 78, 88, 48, 83.34999999999999
6781, 328.9625777514268, 45.48731965040214, 100.0, 329.2017133161353, 45.57868016860759, 100.0, 247.1098622046377, -114.5159401513563, -137.0, 446.4090235469674, -10.18102636814679, 35.97297778642073, 74, 81, 87, 47, 89.83000000000002
6902, 326.0956341550644, 52.95596306237976, 111.0, 326.3347697197729, 53.04732358058521, 111.0, 239.9876004188174, -119.3199663850735, -146.0, 452.3942020666058, -4.872765062591225, 41.56985354898788, 71, 91, 89, 49, 98.27
7020, 321.1938828399292, 60.50399817388858, 123.0, 321.4330184046377, 60.59535869209403, 123.0, 232.1669911838854, -122.6396180527184, -157.0, 458.4911414151311, 1.747456276639336, 47.35626067594011, 72, 101, 92, 52, 107.69
7122, 316.4198943194917, 65.62347408522277, 133.0, 316.5704098114247, 65.63073729446458, 134.0, 225.3093746679269, -124.2228235731905, -167.0, 462.7347141036285, 7.314510330395196, 52.68298022663561, 69, 109, 92, 52, 112.85
7241, 309.7105297759283, 69.98058636534299, 147.0, 309.8610452678613, 69.9878495745848, 147.0, 216.9806433672742, -124.3682021188131, -179.0, 466.8635040785055, 14.16674305727735, 58.92907492984458, 70, 117, 83, 43, 114.59
7364, 301.2008625955344, 72.9106997554574, 161.0, 301.3513780874674, 72.91796296469922, 161.0, 209.516667857429, -121.5030503621984, -201.0, 470.9209180404029, 22.20025984270831, 63.20345130246543, 65, 95, 10, -30, 66.48000000000001
7491, 293.3478451279531, 74.43717171846977, 169.0, 293.4983606198861, 74.44443492771157, 169.0, 202.5160308236577, -117.1285668359533, -212.0, 474.1658182302011, 29.51262079921529, 66.07048327690425, 65, 61, 11, -29, 62.72000000000002
7610, 284.3697686756147, 75.06497998216691, 176.0, 284.5202841675477, 75.07224319140871, 176.0, 195.4875227482409, -111.4369932192986, -219.0, 477.3488114886308, 37.93096706892831, 69.28829631070126, 76, 56, 11, -29, 58.32000000000001
7710, 277.374032886481, 74.82068350524941, 182.0, 277.524548378414, 74.8279467144912, 182.0, 190.4407348837784, -106.0249758273167, -227.0, 479.5692362446856, 44.56946945295281, 71.50610934449826, 74, 51, 10, -30, 54.70000000000001
7831, 269.4518883365485, 73.70729869756889, 188.0, 269.6024038284814, 73.71456190681068, 188.0, 185.4621937968611, -99.1726018849609, -234.0, 481.7751298359873, 52.25933508661989, 73.99407859016691, 70, 57, 10, -30, 50.2
7951, 261.6895225263405, 71.77192353277156, 194.0, 260.8697422919974, 71.53726484641367, 194.0, 181.5643244500806, -92.14065943956015, -241.0, 483.8788800122718, 61.01000564354195, 76.48204783583559, 67, 52, 10, -30, 45.7
8070, 253.1798553459466, 68.84181014265714, 199.0, 253.3055936872029, 68.93271961075641, 199.0, 178.4884297115425, -84.52755280971227, -248.0, 485.5093573134905, 68.8420898980818, 78.24017329337585, 69, 46, 10, -30, 41.2
8172, 246.7850371424484, 65.99465364112653, 204.0, 246.9107754837047, 66.0855631092258, 204.0, 176.3710738259405, -77.60199376702797, -253.0, 486.6600377418261, 75.74686611109879, 80.53861117465942, 71, 38, 10, -30, 39.70000000000001
8281, 240.6044039924359, 62.70835270162531, 208.0, 239.8471947408333, 62.32979060693868, 208.0, 174.784707625001, -70.13872757342902, -258.0, 487.7585976041654, 83.67108002976966, 82.10720526781463, 70, 39, 10, -30, 36.7
8382, 233.747065586819, 58.58804810234488, 211.0, 233.9108580677383, 58.62035575730624, 212.0, 173.9107825634427, -63.0211791200091, -263.0, 488.5296765235835, 90.62848164962954, 83.67579936096988, 71, 37, 10, -30, 33.70000000000001
8501, 227.1938492325071, 53.9994366115365, 215.0, 227.3576417134264, 54.03174426649787, 215.0, 173.6242227960185, -54.81518103935532, -268.0, 489.2944203551304, 98.59184569204976, 84.51454966599673, 69, 31, 11, -29, 29.87
8622, 220.9766815408513, 48.96487348313781, 219.0, 221.1404740217707, 48.99718113809917, 219.0, 173.9282672112906, -46.10848815436495, -272.0, 489.803252031095, 106.5756474384319, 86.3532999710236, 72, 27, 11, -29, 25.50000000000001
8750, 214.2883781115548, 42.94269802590809, 222.0, 213.7090257669967, 42.30587507451058, 222.0, 175.0046172522449, -37.34232054306879, -277.0, 490.2931355564493, 116.5636409372077, 87.19205027605046, 69, 22, 11, -29, 21.1
8871, 207.8143199085069, 36.69077269177711, 224.0, 207.9543073642875, 36.7486081108386, 224.0, 176.5174401760792, -28.76267539882644, -280.0, 490.5944799275701, 124.5579633956774, 87.84126921669225, 72, 19, 11, -29, 16.75
8971, 202.9517113152939, 31.65539408940656, 226.0, 203.0916987710745, 31.71322950846805, 226.0, 177.9520308427218, -22.01345695376318, -282.0, 490.7458839746313, 131.5563258337434, 88.76064436920567, 69, 18, 61, 21, 48.13000000000001
9099, 197.5353761069255, 24.46767449898092, 233.0, 197.6753635627061, 24.52550991804241, 233.0, 180.5360801890253, -12.36965350409312, -285.0, 490.2655927210744, 140.5435011581575, 93.05908225048924, 78, 65, 90, 50, 72.55000000000002
9210, 193.6568991449548, 17.47071684186575, 241.0, 193.7968866007354, 17.52855226092724, 241.0, 183.572061057387, -5.217330792767656, -293.0, 489.3271539677979, 148.4882687888908, 96.736582860543, 70, 70, 87, 47, 75.42000000000001
9331, 190.9207379983494, 9.953175875578484, 250.0, 191.06072545413, 10.01101129463998, 250.0, 188.0590727660034, 2.250310730949146, -301.0, 487.7809600260809, 156.337426979079, 101.1439272587251, 72, 77, 87, 47, 82.39000000000003
9450, 189.2034570399606, 1.118531224549509, 259.0, 189.3434444957411, 1.176366643610999, 259.0, 193.825535509193, 9.37129917577937, -309.0, 485.3680547829867, 165.007945319285, 105.5512716569071, 77, 83, 91, 51, 92.24000000000002
9573, 189.3430762914588, -6.880250336701621, 271.0, 189.5005161536767, -7.822262612796523, 271.0, 201.5220407021973, 13.99582605039675, -329.0, 482.4518658197777, 173.5223943285197, 108.9062728770146, 73, 95, 91, 51, 99.84999999999999
9690, 191.3676357805536, -15.64958091976874, 283.0, 191.3001245884276, -15.61722313107841, 283.0, 209.4957511249099, 17.05664670746316, -339.0, 479.0756233069718, 180.7750480838511, 114.9628362158385, 73, 99, 91, 51, 107.5
9790, 193.7120225514892, -21.17261004048338, 293.0000000000001, 194.1472810899582, -22.01204133457661, 294.0000000000001, 216.5863669465978, 18.30691358666506, -350.0, 475.5735709384703, 186.8360405115211, 120.0193995546624, 72, 109, 90, 50, 111.93
9891, 198.1855657792552, -27.80491062092371, 304.0, 198.1623161444155, -27.74610564459955, 305.0, 223.5511216200939, 18.06369899414533, -362.0, 471.5779934455332, 192.5836800703256, 124.8058066816145, 69, 109, 16, -24, 65.69000000000002
10019, 203.6415526597552, -33.65574023387708, 313.0, 204.300301384978, -34.32828895917209, 313.0, 232.0320386639846, 16.10572501713633, -373.0, 466.0776264525579, 199.707300143195, 127.6728386560533, 68, 55, 10, -30, 57.87000000000002
10122, 208.9245197213146, -38.24815343681063, 319.0, 209.5832684465374, -38.92070216210564, 319.0, 238.6669947551002, 13.55880399971788, -381.0, 461.5883552795094, 205.0781887414472, 129.8906516898503, 69, 59, 9, -31, 55.68000000000001
10231, 215.4777360756265, -42.836764927619, 325.0, 215.3173327565603, -42.93573721656296, 325.0, 245.4833356214028, 10.38029205316608, -385.0, 456.7974973111543, 210.1818815150229, 133.1890895711339, 69, 52, 10, -30, 53.3
10344, 222.4746937327417, -46.71524188958971, 331.0, 222.3142904136755, -46.81421417853366, 331.0, 252.5541086848945, 6.131742973233043, -391.0, 451.0479011017769, 215.7444477779193, 135.9472150286741, 73, 51, 10, -30, 50.3
10471, 230.7592374138137, -50.23182204599318, 337.0, 230.5988340947475, -50.33079433493714, 337.0, 259.055843092289, 0.06877755227742988, -403.0, 444.4566829803614, 221.8727300556807, 137.0844032149846, 70, 48, 10, -30, 45.75
10572, 237.3778674430088, -52.51079912719328, 341.0, 237.2562297088136, -52.49391329556177, 341.9999999999999, 263.9217608617306, -5.335371618594182, -408.0, 439.1431483214886, 226.4297410748639, 139.3828410962682, 72, 43, 10, -30, 42.75
10691, 245.1728279612907, -54.31040756194421, 346.9999999999999, 245.0511902270954, -54.2935217303127, 346.9999999999999, 268.9579049033725, -12.26702922639873, -414.0, 432.8900157555595, 231.4195640289293, 141.4111227656801, 72, 42, 10, -30, 38.25
10811, 254.062023026647, -55.7183177473063, 350.9999999999999, 253.9403852924516, -55.70143191567479, 350.9999999999999, 273.5999976580554, -19.69593054872902, -418.0, 425.6787433707577, 236.804501409456, 143.2498730707069, 73, 38, 11, -29, 34.45
10929, 262.031580611381, -56.41556368928757, 354.9999999999999, 261.9099428771857, -56.39867785765606, 354.9999999999999, 277.4224351222581, -26.8848898497864, -422.0, 419.1184373333252, 241.3829710986892, 145.0886233757338, 69, 34, 12, -28, 30.8
11052, 270.0303621726321, -56.55518294078585, 358.9999999999999, 270.9085721335932, -56.55574951559163, 358.9999999999999, 280.7866301385508, -34.81043663801191, -427.0, 411.5998627561346, 246.3297919290027, 146.657217468889, 70, 31, 12, -28, 26.60000000000001
11161, 278.0254887887849, -56.27598696716585, 362.0, 277.9075059996879, -56.43358267053065, 360.9999999999999, 283.1781126580185, -42.17066301762011, -432.0, 405.7447798051486, 250.1661969698024, 146.7661239857875, 71, 25, 11, -29, 23.1
11261, 285.0084371406036, -55.78769165095697, 364.0, 284.8904543515067, -55.94528735432178, 364.0, 285.0416097827567, -49.1253289669014, -435.0000000000001, 399.7990625442513, 253.8605773310359, 148.1451867145577, 72, 25, 11, -29, 20.2
11363, 291.9700904081815, -55.05599240808341, 366.0, 292.8466295144529, -55.10905964818057, 366.0, 286.3845234922168, -56.03402108400606, -439.0, 392.9761727328663, 258.0376785533788, 148.5242494433278, 69, 20, 11, -29, 17.3
11490, 300.8825030268557, -53.80343449944283, 367.9999999999999, 300.7687740643854, -53.99567484050006, 367.9999999999999, 287.6217723597517, -64.83750421511862, -442.0, 386.1063911632598, 262.1372030606715, 149.1734683839696, 70, 15, 11, -29, 12.95
11611, 309.7716980922119, -52.39552431408077, 368.9999999999999, 309.6579691297417, -52.58776465513799, 368.9999999999999, 288.3599815008244, -73.2752733079557, -445.0, 378.3843843615064, 266.7600388736412, 149.092843536483, 70, 11, 12, -28, 9.350000000000001
11711, 316.6653523632974, -51.17998707041227, 369.9999999999999, 316.5516234008271, -51.3722274114695, 369.9999999999999, 288.8413011696589, -80.15846525474849, -446.0, 372.3497254504378, 270.3072760840713, 149.5525311127397, 69, 7, 12, -28, 6.550000000000001
11829, 324.5183698308787, -49.65351510739993, 370.9999999999999, 324.4046408684084, -49.84575544845715, 370.9999999999999, 289.1213347311997, -88.17757725074973, -448.0, 365.4395998014016, 274.3384252396513, 149.7420624771248, 68, 6, 12, -28, 2.380000000000002
11950, 332.37138729846, -48.12704314438759, 370.9999999999999, 333.2392855194374, -48.12847449006827, 370.9999999999999, 289.1213347311997, -96.52657725074974, -450.0, 357.7088199732043, 278.9465748952003, 149.2017500533815, 69, 1, 11, -29, -2.469999999999998
12070, 341.206031949489, -46.4097621859987, 370.9999999999999, 341.0923029870187, -46.60200252705592, 370.9999999999999, 288.9789230946715, -104.6853344432259, -451.0, 350.856405737703, 283.0750636193098, 148.9315938415098, 68, -5, 11, -29, -6.849999999999998
12182, 349.0844939735866, -45.02057676466328, 369.9999999999999, 348.9707650111163, -45.2128171057205, 369.9999999999999, 288.9789230946715, -112.8613344432259, -450.0, 344.0373348088837, 287.2583962223586, 148.4719062652531, 73, -5, 11, -29, -9.779999999999998
12283, 355.9983123577525, -43.92553550938167, 368.9999999999999, 355.8845833952823, -44.1177758504389, 368.9999999999999, 288.9789230946715, -120.1333344432259, -450.0, 338.1177575871668, 290.9945179436265, 147.7420624771248, 72, -12, 10, -30, -13.37
12391, 362.9301888389435, -42.95132380266123, 367.9999999999999, 363.8067279452148, -43.00439104275839, 367.9999999999999, 288.9789230946715, -127.5853344432259, -450.0, 331.4074640142999, 295.3501993100653, 147.0122186889964, 69, -14, 11, -29, -15.74
12522, 372.8754077926263, -41.90603916998471, 366.0, 372.7574250035293, -42.06363487334952, 366.0, 289.3035233135015, -136.8806685253305, -448.0, 323.9379804873193, 300.3708382973023, 146.092843536483, 71, -16, 10, -30, -20.85
12652, 380.8644440706629, -41.48735152004117, 362.9999999999999, 381.7450908163205, -41.59261126716304, 362.9999999999999, 289.9473755661598, -146.0881847092287, -446.0, 316.6160867411334, 305.6043717088289, 144.4436245958412, 71, -20, 10, -30, -25.3
12781, 390.8644440706628, -41.4873515200412, 359.9999999999999, 390.7450908163205, -41.59261126716306, 359.9999999999999, 290.8777834177052, -154.9404240999017, -444.0, 309.4478488091697, 311.0464636733914, 142.7944056551994, 69, -24, 10, -30, -29.8
12888, 397.8548508139448, -41.85370321374182, 356.9999999999999, 398.7256032183991, -42.15066305711608, 355.9999999999999, 292.0160005853379, -162.1268444660719, -441.0, 303.2584097372892, 316.1150772881267, 140.6854991383009, 68, -32, 10, -30, -32.83
13001, 405.7952200270754, -42.82865796098302, 352.9999999999999, 405.6734262798884, -43.00374846095212, 352.9999999999999, 293.637088038644, -169.7534613089934, -438.0000000000001, 297.9509566360509, 320.6791699228302, 139.3064364095308, 69, -33, 10, -30, -35.85
13101, 412.6888742981609, -44.04419520465154, 349.9999999999998, 412.544816564022, -44.33941142858796, 348.9999999999999, 295.4229394498514, -176.418349510388, -435.0000000000001, 292.8150526314709, 325.4354804736394, 137.1975298926323, 69, -35, 7, -33, -40.98
13202, 419.4503550821843, -45.8559285203692, 344.9999999999999, 419.3062973480456, -46.15114474430562, 344.9999999999999, 297.6389003165141, -183.2383757887405, -432.0, 287.8576549679329, 330.377565904462, 135.0886233757338, 71, -41, 12, -28, -40.8
13334, 428.8472812900434, -49.27612995362591, 339.9999999999999, 428.7032235559046, -49.57134617756234, 339.9999999999999, 301.249255943755, -191.743840634641, -427.0, 281.0644988707655, 337.7160282937857, 132.7901854944502, 70, -43, 9, -31, -47.3
13434, 434.2851280122633, -51.81183952407013, 334.9999999999999, 435.0473780651611, -52.52967400974725, 334.9999999999999, 304.2740168565996, -197.9455195541053, -424.0, 276.5695323986156, 343.0821513276201, 129.9514351894233, 69, -48, 10, -30, -49.73
13565, 441.9996337185823, -56.44718219826063, 328.9999999999999, 442.7618837714801, -57.16501668393775, 328.9999999999999, 308.994537662389, -205.4999319946667, -418.0, 271.1289774791085, 350.2515559171119, 127.1933097318831, 68, -48, 11, -29, -53.50000000000001
13700, 449.8797412546495, -62.60379695151723, 321.9999999999999, 449.8539805539407, -62.70596996186869, 321.9999999999999, 314.8441796874269, -213.2626691523264, -413.0, 266.170037771618, 357.7621429099823, 123.4351842743428, 72, -52, 83, 43, -8.799999999999999
13802, 455.2420523564824, -67.10331021932302, 319.9999999999999, 455.2162916557735, -67.20548322967447, 319.9999999999999, 319.7291952172902, -218.8822366866652, -409.0, 262.351815977821, 363.629099730462, 123.0561215455726, 73, 2, 80, 40, -7.470000000000002
13931, 462.1364523445532, -72.8883987065019, 319.9999999999999, 462.1106916438443, -72.99057171685334, 319.9999999999999, 325.7380398638143, -225.7946217319255, -409.0, 257.4426736715105, 371.1723299282216, 123.0561215455726, 71, 0, 84, 44, 1.499999999999996
14061, 469.030852332624, -78.67348719368076, 319.9999999999999, 469.0050916319151, -78.77566020403221, 319.9999999999999, 331.3670263325528, -232.2700299302369, -409.0, 252.5335313652001, 378.7155601259812, 123.0561215455726, 66, 4, 85, 45, 8.849999999999998
14162, 474.4708740628227, -83.07872993102963, 320.9999999999999, 475.2222593235708, -83.81022333243093, 320.9999999999999, 336.0413778301934, -237.8407051205982, -410.0, 248.1161949564096, 385.3854281195456, 123.5158091218293, 72, 8, 82, 42, 11.31
14289, 481.5629708452833, -88.61968320896057, 321.9999999999999, 481.5263453524246, -88.73551513503621, 321.9999999999999, 341.5927973532049, -244.94619808587, -412.0, 243.676819190761, 392.0406473354221, 123.7053404862144, 71, 15, 83, 43, 18.3
14412, 488.8441237946578, -93.90975047959286, 323.9999999999998, 488.8074983017991, -94.02558240566849, 323.9999999999998, 346.3644380313152, -251.5137980462058, -414.0, 238.5630302792419, 399.4466694099521, 124.6247156387278, 66, 22, 83, 43, 24.81
14520, 494.7148177702757, -97.72222372469805, 326.9999999999999, 494.6781922774171, -97.83805565077371, 326.9999999999999, 350.4819091360288, -257.8541475398732, -417.0, 234.4481600680266, 405.1095170279665, 126.003778367498, 70, 27, 89, 49, 33.29
14640, 502.5863951345303, -102.0855103069151, 330.9999999999999, 502.5497696416716, -102.2013422329908, 330.9999999999999, 354.6219091360288, -265.0248378832084, -420.0000000000001, 228.893269330737, 412.1907025852567, 128.1126848843965, 69, 34, 91, 51, 41.97000000000001
14760, 509.8947587956711, -105.3394034515215, 335.9999999999999, 509.8581333028124, -105.4552353775972, 335.9999999999999, 357.7236517295125, -272.7019201990213, -428.0, 223.7938070391874, 418.3547503087143, 129.6006541300651, 69, 47, 92, 52, 50.35
14881, 517.5032109260322, -107.8115394065211, 341.9999999999998, 518.4176419494689, -108.2363883269717, 341.9999999999998, 360.0249480132287, -280.7274940984104, -434.0, 217.7298685361134, 425.0052126859432, 132.3587795876054, 69, 51, 91, 51, 57.48
15009, 526.3664807031421, -109.3743730055236, 349.9999999999998, 527.2809117265787, -109.7992219259741, 349.9999999999998, 361.5808356851243, -289.5513715653997, -440.0, 211.1932233417758, 431.1916712531159, 136.5765926214024, 70, 57, 89, 49, 63.70000000000001
15124, 534.3555169811786, -109.7930606554671, 356.9999999999999, 534.2713184698607, -110.1655736196748, 356.9999999999999, 362.134353304284, -297.4670423042114, -446.0, 205.8258455165999, 435.6851393215247, 140.0645618670711, 69, 62, 89, 49, 68.59999999999999
15230, 542.3360293832572, -109.2350088655141, 363.9999999999999, 542.2518308719393, -109.6075218297218, 363.9999999999999, 361.6093660828857, -304.9747093464668, -454.0, 199.4357348544941, 440.4982968845017, 143.0122186889964, 71, 69, 88, 48, 72.8
15349, 550.1309899015391, -107.4354004307632, 372.9999999999999, 550.0467913902212, -107.8079133949709, 372.9999999999999, 359.9745146104995, -313.3852910542464, -461.0, 192.6744073372032, 444.7743289475157, 147.6897192990501, 72, 73, 88, 48, 80.0
15470, 558.4756445926403, -104.06394109002, 381.9999999999999, 558.3914460813223, -104.4364540542277, 381.9999999999999, 355.8276722964117, -321.1843671419693, -478.0, 184.9065704323413, 449.3197343001179, 149.6656577903875, 73, 77, 90, 50, 88.62
15591, 565.1850091362037, -99.70682880989983, 392.9999999999999, 565.9394811928312, -99.53470273909247, 392.9999999999999, 350.8031186681152, -327.8521750153542, -487.0000000000001, 176.732457820465, 453.085883926509, 155.2625335529546, 69, 93, 85, 45, 92.75000000000002
15710, 571.6590673392516, -93.45490347576886, 403.9999999999998, 571.7903108057846, -94.07871585859247, 402.9999999999999, 345.1433276772794, -332.9482737133832, -498.0, 169.2347250861465, 455.8758666943283, 159.5892531036501, 64, 74, 11, -29, 44.07000000000001
15831, 577.0121121901225, -87.50974487194972, 407.9999999999999, 577.1433556566555, -88.13355725477335, 407.9999999999999, 338.3220065302965, -337.5493129231405, -506.0, 161.6670729875848, 458.4702147270977, 161.0772223493188, 68, 41, 11, -29, 39.70000000000001
15949, 581.826632375339, -81.1206607915714, 412.9999999999998, 581.9578758418719, -81.74447317439501, 412.9999999999998, 330.2616215230856, -341.480625367545, -514.0, 154.034605157284, 460.8671783937857, 162.5651915949874, 76, 42, 11, -29, 35.35
16070, 586.7283836904742, -73.57262568006259, 416.9999999999999, 586.8596271570071, -74.19643806288621, 416.9999999999999, 322.128268847442, -344.6027269439836, -519.0, 145.3774809627816, 463.3277069306983, 164.1337856881426, 72, 33, 11, -29, 31.00000000000001
16189, 590.6068606524449, -66.57566802294743, 420.9999999999999, 590.7381041189779, -67.19948040577105, 420.9999999999999, 314.0484499643103, -347.072975477186, -523.0, 137.6160437418883, 465.2668026648313, 165.9725359931695, 71, 32, 12, -28, 28.8
16309, 594.1138298267576, -59.3853156525541, 423.9999999999999, 594.6834444400796, -59.11033398907855, 423.9999999999999, 305.8637414201143, -348.9625643336745, -527.0, 128.8438442292254, 467.2788950359803, 167.081442510068, 70, 26, 11, -29, 23.90000000000001
16431, 597.630409983161, -51.10077197148215, 426.9999999999999, 597.8092934679938, -51.74629516145903, 426.9999999999999, 297.4288829914318, -350.298514665118, -531.0, 121.0131807947957, 468.9161824807153, 168.1903490269665, 70, 21, 11, -29, 19.58
16550, 600.4973535795235, -43.63212855950453, 428.9999999999999, 600.6762370643562, -44.27765174948142, 428.9999999999999, 288.9078193919165, -351.1941145383953, -534.0, 113.1644683309764, 470.4646374075012, 168.8395679676083, 72, 17, 11, -29, 15.25
16670, 603.4274669696379, -35.12246137911069, 430.9999999999999, 603.6063504544707, -35.76798456908758, 430.9999999999999, 280.519331299978, -351.633736570836, -537.0, 104.3154953126045, 472.1064889599033, 169.4887869082501, 70, 11, 11, -29, 10.9
16792, 605.8996029246376, -27.51400924874947, 431.9999999999999, 606.3875034038452, -27.2084759224312, 431.9999999999999, 271.8586505645334, -351.7849093153957, -539.0000000000001, 95.46113956223634, 473.7190596547635, 169.6783182726351, 71, 6, 11, -29, 6.550000000000004
16919, 608.6807558740121, -18.95450060209309, 431.9999999999999, 608.8596393588449, -19.60002379206998, 431.9999999999999, 263.0956505645334, -351.7849093153957, -540.0, 87.5974472107559, 475.1895502536006, 169.4081620607635, 69, 2, 10, -30, 1.450000000000003
17040, 611.3121012165168, -10.34775779842578, 432.9999999999998, 611.4909847013496, -10.99328098840266, 432.9999999999998, 254.7479221576727, -351.6391991740509, -541.0, 78.73780561717076, 476.7728224453656, 169.8678496370202, 69, -1, 11, -29, -2.349999999999998
17150, 613.4752201771414, -3.690362184359712, 431.9999999999999, 613.6541036619742, -4.335885374336597, 431.9999999999999, 247.0526127896256, -351.3704730494416, -542.0, 71.86951425914145, 478.1243304258155, 168.8678496370202, 70, -4, 10, -30, -5.949999999999999
17269, 616.256373126516, 4.869146462296662, 431.9999999999999, 616.4352566113488, 4.223623272319777, 431.9999999999999, 238.7276872005566, -351.0797602419098, -542.0, 63.03885394167521, 479.8619835435369, 168.8678496370202, 70, -9, 9, -31, -11.2
17370, 618.5353502077161, 11.48777649149187, 430.9999999999999, 618.7142336925489, 10.84225330151499, 430.9999999999999, 231.8607332302225, -350.9598971144985, -541.0, 56.18162675240336, 481.2685521606726, 168.4081620607635, 68, -10, 7, -33, -15.67
17470, 621.0439258545332, 18.02283947697228, 428.9999999999999, 621.222809339366, 17.3773162869954, 428.9999999999999, 224.7618145946121, -350.8359850287938, -541.0, 49.36245513016644, 482.8493425915895, 166.9484744845068, 71, -15, 6, -34, -19.62
17574, 623.7790437539582, 24.46637345113936, 426.9999999999999, 624.3486583672802, 24.74135511461491, 426.9999999999999, 217.274955053281, -350.9666686481962, -539.0000000000001, 41.59910738441758, 484.7807751631737, 166.0290993319934, 72, -22, 6, -34, -23.0
17683, 626.7373715861431, 30.8105279603959, 424.9999999999999, 627.3069861994651, 31.08550962387146, 424.9999999999999, 209.8674702434155, -351.2253437177551, -538.0, 34.84272607504053, 486.6114339523261, 164.8395679676083, 68, -21, 4, -36, -27.77
17791, 630.4931440884302, 37.87410870326731, 421.9999999999999, 630.5932871389664, 37.26614277388395, 421.9999999999999, 202.4336229408793, -351.7451689600963, -536.0, 28.14183048153093, 488.6357852669163, 163.1903490269665, 69, -28, 7, -33, -29.28
17910, 634.7324982022958, 44.65849347251871, 417.9999999999999, 635.3625605170653, 44.89857563929177, 417.9999999999999, 194.0476005056618, -352.7748430425264, -533.0, 19.6280069191575, 491.5537997200635, 161.081442510068, 71, -31, 10, -30, -30.53
18013, 639.3211096931042, 51.21170982683064, 414.9999999999999, 639.3775955715227, 50.6326399493147, 414.9999999999999, 186.8457014078835, -354.0447321658046, -530.0, 13.06268351268481, 493.9820765923376, 159.7023797812978, 71, -31, 11, -29, -32.85
18122, 643.6307400203837, 56.72778510207768, 411.9999999999999, 644.302887374128, 56.93672597816846, 411.9999999999999, 179.6236704876953, -355.7120693806013, -527.0, 5.628419780796166, 496.9370254522547, 158.3233170525277, 68, -34, 11, -29, -35.75
18225, 648.9837848712547, 62.67294370589681, 407.9999999999999, 648.98680161864, 62.13873975651021, 407.9999999999999, 172.5598549200434, -357.6048130574361, -525.0, -0.7636252680238043, 499.7904024154083, 155.9442543237576, 71, -36, 9, -31, -40.05
18352, 654.834614484208, 68.1289305863968, 402.9999999999999, 655.5689849332127, 68.27672499707268, 402.9999999999999, 164.3253284840965, -360.6019355733989, -520.0, -8.828228496235194, 503.7856714641111, 153.645816442474, 69, -43, 10, -30, -44.0
18454, 661.0517821758638, 73.16349371479548, 398.9999999999999, 661.0090066634115, 72.68196773442153, 398.9999999999999, 157.8957955532078, -363.4645480673664, -516.0, -14.99776056285485, 507.0927659712203, 151.8070661374471, 69, -43, 10, -30, -47.0
18563, 666.8550451837491, 77.0778440390907, 393.9999999999999, 667.7183712069749, 77.03908001454173, 392.9999999999999, 150.966422844451, -367.1489608921101, -512.0, -21.8195112709933, 511.2717272388097, 148.5086282561636, 72, -48, 10, -30, -50.0
18672, 673.9186259266205, 80.8336165413778, 387.9999999999999, 673.8990043569873, 80.32538095404295, 387.9999999999999, 144.5882531132585, -371.134483678408, -508.0000000000001, -27.61867433713888, 515.1921491207317, 145.9400341630083, 69, -50, 9, -31, -53.67000000000001
18781, 680.4089129085881, 83.45586269528919, 381.9999999999999, 680.3892913389549, 82.94762710795432, 381.9999999999999, 138.5817154421928, -375.6607344675345, -502.9999999999999, -33.20262783038433, 519.4134597448474, 142.9117524935964, 69, -53, 11, -29, -55.32
18884, 688.0990064760946, 85.66096154182516, 375.9999999999999, 688.0793849064615, 85.1527259544903, 375.9999999999999, 132.9174655824041, -380.7608479492018, -498.0, -39.32051220482068, 524.5682139369527, 139.8834708241845, 74, -55, 63, 23, -23.30000000000001
19003, 695.8939669943764, 87.46056997657607, 372.9999999999999, 695.8743454247433, 86.9523343892412, 372.9999999999999, 127.2639810892781, -387.0396785796603, -492.0000000000001, -45.38694121799143, 529.783426207624, 139.3148767310292, 71, -9, 89, 49, -3.77
19129, 704.6632975774436, 89.48512946567083, 372.9999999999999, 704.6436760078104, 88.97689387833598, 372.9999999999999, 120.9406968591869, -394.0623971804217, -492.0000000000001, -52.21167385780852, 535.6505400121291, 139.3148767310292, 75, 1, 89, 49, 3.679999999999996
19229, 711.4838880309402, 91.05978684607789, 372.9999999999999, 711.464266461307, 90.55155125874302, 372.9999999999999, 116.4395076827744, -398.8893316111082, -493.0, -57.49822378152311, 540.238828353556, 139.0447205191576, 66, 4, 89, 49, 8.599999999999998
19349, 719.2462538411482, 92.99516201087521, 373.9999999999999, 719.226632271515, 92.48692642354035, 373.9999999999999, 110.4376593620087, -405.1044274860342, -494.0, -63.58187121464995, 545.4339447054203, 139.5044080954143, 72, 12, 88, 48, 15.25
19452, 725.9750857127163, 94.92462350159419, 375.9999999999999, 726.9167258390215, 94.69202527007631, 375.9999999999999, 105.3253114010019, -410.0413645248863, -496.0, -69.74809336284505, 550.5307774885424, 140.4237832479277, 69, 17, 89, 49, 20.75
19579, 734.5345943593728, 97.7057764509687, 377.9999999999998, 734.5251779693828, 97.16416122507589, 377.9999999999998, 98.42424699944489, -416.0403682859755, -499.0, -75.97167068690701, 555.5574150616544, 141.0730021885695, 72, 23, 91, 51, 29.52
19697, 741.952065195907, 100.702629198296, 381.9999999999999, 742.8698326604839, 100.5356205658191, 381.9999999999999, 92.01599566682543, -420.8693320317476, -502.9999999999999, -83.15103946393688, 560.9848144355175, 142.9117524935964, 68, 32, 92, 52, 37.9
19819, 750.0412116125996, 104.6479695193976, 385.9999999999999, 749.9978848539909, 104.1675445637354, 386.9999999999998, 85.05838463515017, -425.3876574662322, -507.0, -89.74249429036989, 565.5183255771265, 145.4803465867516, 68, 43, 93, 53, 46.4
19940, 756.825596381851, 108.8873236332633, 391.9999999999999, 756.7822696232423, 108.406898677601, 391.9999999999999, 77.79349184110693, -429.2504694848345, -512.0, -96.51046064415302, 569.7838421266266, 147.7787844680352, 68, 47, 92, 52, 53.63
20059, 763.8199100349638, 114.5512071527118, 398.9999999999999, 763.776583276355, 114.0707821970496, 398.9999999999999, 69.85402888808679, -432.1401976757931, -520.0, -104.3611158554648, 574.1846616813349, 150.7264412899606, 71, 58, 93, 53, 62.15
20160, 768.7696575032697, 119.5009546210176, 404.9999999999998, 768.7263307446609, 119.0205296653554, 404.9999999999998, 63.1895410437804, -434.1777360860059, -523.0, -110.66839194843, 577.2208218034479, 154.2950353831157, 69, 63, 93, 53, 64.8
20260, 773.1749002406185, 124.9409763512164, 410.9999999999999, 773.1315734820098, 124.4605513955541, 410.9999999999999, 56.00707988190966, -434.6799826969636, -536.0, -117.0208890193922, 580.1611926921994, 155.1620673575546, 72, 60, 92, 52, 69.40000000000001
20379, 777.1749002406185, 131.8691795814919, 419.9999999999998, 777.1315734820099, 131.3887546258296, 419.9999999999998, 47.69737134324532, -434.0989112706749, -544.0, -124.5176551419187, 582.9537717338988, 159.5694117557366, 70, 70, 91, 51, 76.5
20499, 780.4002117865263, 140.2714034199667, 428.9999999999998, 780.3568850279175, 139.7909784643045, 428.9999999999998, 39.27881398350089, -432.155334161144, -553.0, -133.1561936841851, 585.478777051473, 163.706599942047, 72, 75, 75, 35, 73.32
20599, 782.093665055724, 147.0634735038987, 435.9999999999999, 782.0503382971152, 146.5830485482364, 435.9999999999999, 32.93046708331992, -429.7184321042359, -561.0, -139.9671579689262, 587.0945633962544, 166.6542567639724, 68, 72, 11, -29, 32.39
20723, 783.4828504770594, 154.9419355279963, 439.9999999999999, 783.6131718961176, 155.4463183253463, 439.9999999999999, 26.02169863966089, -425.5672252204609, -571.0, -148.7319462534126, 589.1386980122053, 166.8720697977694, 65, 28, 11, -29, 28.1
20848, 784.5796745677058, 163.8748508927682, 442.9999999999999, 784.5881266433588, 163.3866875384769, 442.9999999999999, 18.17725375021396, -420.6654720263037, -572.0, -156.5793553937974, 590.6937445656584, 168.7914449502829, 74, 28, 11, -29, 23.78000000000001
20968, 785.1377263576587, 171.8553632948468, 445.9999999999999, 785.2159349070559, 172.3647639908153, 445.9999999999999, 11.65252471035029, -415.5677950106073, -578.0, -165.4246167123622, 592.3554762546805, 169.3600390434381, 69, 22, 11, -29, 19.5
21088, 785.2947980155943, 180.8539925512544, 448.9999999999999, 785.3555541585543, 180.3635455520664, 448.9999999999999, 5.222399086852272, -409.9781720836082, -581.0, -173.3203429033154, 593.6429186485356, 170.7391017722082, 71, 19, 10, -30, 14.43000000000001
21199, 785.2947980155943, 188.8539925512544, 449.9999999999999, 785.3555541585543, 188.3635455520664, 449.9999999999999, -0.3668711617790477, -404.5806765451418, -584.0, -181.2142496285193, 594.94147038558, 170.6584769247216, 70, 15, 10, -30, 11.48
21320, 785.155178764096, 196.8527741125055, 450.9999999999999, 785.1984825006188, 197.362174808474, 450.9999999999999, -6.08252023391568, -398.6619486679554, -586.0, -190.0996785792407, 596.3729564531618, 170.8480082891067, 68, 10, 10, -30, 7.0
21450, 784.8410832937735, 205.8472915556774, 451.9999999999999, 784.9192865269988, 205.3573014246267, 451.9999999999999, -11.91064781530134, -392.1891572380472, -588.0, -198.0020035630548, 597.6192549126763, 171.0375396534918, 67, 4, 8, -32, 1.000000000000004
21552, 784.596786816856, 212.843027344811, 451.9999999999999, 784.6749900500813, 212.3530372137604, 451.9999999999999, -16.4610732403795, -386.9544915896221, -589.0, -204.9113191941224, 598.7423566490677, 170.7673834416202, 68, -1, 8, -32, -2.199999999999999
21678, 784.2826913465335, 221.8375447879829, 451.9999999999999, 784.3608945797588, 221.3475546569323, 451.9999999999999, -22.08218700077017, -380.4881399062734, -589.0, -213.7947250054949, 600.1863445958567, 170.7673834416202, 68, -2, 7, -33, -7.699999999999999
21779, 784.1605245014725, 228.8364786540777, 450.9999999999999, 784.2212753282605, 229.3463362181834, 450.9999999999999, -26.56177385267566, -375.1495761821772, -590.0, -221.6674821264744, 601.6075044440327, 169.7673834416202, 69, -7, 5, -35, -12.37
21880, 784.1605245014725, 235.8364786540776, 449.9999999999999, 784.2212753282605, 236.3463362181834, 449.9999999999999, -31.26637314956659, -369.7375537823997, -589.0, -228.5459462090575, 602.9062468606087, 169.3076958653634, 71, -16, 3, -37, -17.22
21990, 784.4397204750926, 243.8316052702304, 448.0, 784.465571805178, 243.3420720073171, 448.0, -36.41867881852981, -364.0153386262238, -588.0, -235.3959663714376, 604.3475045665676, 168.1181645009784, 70, -17, 5, -35, -19.53
22094, 784.9280157913015, 250.8145536220492, 446.0, 785.023623595131, 251.3225844093957, 446.0, -41.40354728494358, -358.8533562189937, -586.0, -243.1971237538389, 606.1200573852463, 167.198789348465, 69, -19, 8, -32, -20.98
22202, 785.7642434974427, 258.7707287849954, 444.0, 785.7553228380046, 258.2842376769736, 444.0, -46.74927455071386, -353.5076289532234, -585.0000000000001, -249.9894673811846, 607.8124131540066, 166.0092579840799, 70, -19, 12, -28, -19.92
22314, 786.8776283051233, 266.6928733349279, 442.0, 786.8687076456851, 266.2063822269062, 442.0, -52.48308757140816, -348.1607618103334, -583.0, -257.7201126634823, 609.8708405924384, 165.0898828315665, 70, -21, 12, -28, -22.8
22440, 788.4041002681356, 274.5458908025092, 439.0, 788.5859886040739, 275.0410268779351, 439.0, -59.23471947608109, -342.2916577369843, -581.0, -266.3468384869349, 612.4359139962565, 163.4406638909247, 71, -23, 11, -29, -27.8
22567, 790.8233192241323, 284.2488480652692, 435.9999999999999, 790.9153600099966, 283.7343593145367, 435.0, -66.03998034422874, -336.9748052360719, -578.0, -274.8733290346671, 615.3167053700692, 161.3317573740262, 68, -29, 10, -30, -32.87000000000001
22672, 792.986438184757, 290.9062436793353, 431.9999999999999, 793.0784789706212, 290.3917549286028, 431.9999999999999, -72.07120203729398, -332.5928661802315, -576.0, -281.4378111428652, 617.7472556475058, 159.6825384333844, 71, -33, 10, -30, -35.85
22799, 796.5030183411605, 299.1907873604072, 427.0, 796.5950591270247, 298.6762986096748, 427.0, -79.50264750391273, -327.949183667756, -572.0, -289.7293318735582, 621.2473533564975, 157.1139443402292, 69, -37, 10, -30, -40.35
22910, 799.6809518393373, 305.4278330297258, 423.0, 800.2269831249411, 305.8043508031817, 423.0, -86.3631503004266, -324.3013896249096, -568.0, -296.9959493024244, 624.5934363116104, 155.2751940352023, 70, -38, 53, 13, -14.3
23030, 804.0442384215543, 313.2994103939803, 420.9999999999999, 804.1054600869117, 312.8013084602969, 420.9999999999999, -93.64986490820128, -320.9035388005144, -565.0, -304.2241865677493, 628.021640803202, 154.6259750945605, 67, -4, 92, 52, 13.63
23158, 808.1301529192102, 321.3184691116757, 423.0, 808.1913745845677, 320.8203671779922, 423.0, -102.1184048702717, -316.9545937628093, -565.0, -312.4515594869119, 631.6699739635684, 156.0856626708173, 73, 16, 91, 51, 20.7
23260, 811.0884807513951, 327.6626236209322, 424.9999999999999, 811.1497024167527, 327.1645216872487, 424.9999999999999, -108.0063447387341, -313.6908553993109, -569.0, -318.8692603399697, 634.4651690838888, 156.4647253995874, 66, 19, 90, 50, 25.1
23364, 813.7107269053065, 334.1529106028998, 427.9999999999999, 814.1465551640799, 334.581992523783, 427.9999999999999, -114.4248134863916, -309.8342502943845, -571.0, -326.2926763574917, 637.4472647615619, 158.1139443402292, 72, 27, 89, 49, 29.4
23488, 816.6408402954209, 342.6625777832936, 431.0, 816.7511003997372, 342.1461411285776, 431.0, -121.2579389103562, -304.6851209562955, -577.0, -333.7453201911707, 640.3555460217439, 158.6825384333844, 69, 30, 87, 47, 35.33
23608, 818.7113926562413, 350.3899843936062, 435.0, 818.6864755645345, 349.9085069387855, 435.9999999999999, -127.5003554443663, -299.0644238628811, -582.0, -341.3086036024477, 642.9626026073788, 160.980976314668, 70, 39, 87, 47, 42.4
23732, 820.1193028416032, 359.2791794589624, 440.9999999999999, 820.0943857498967, 358.7977020041418, 440.9999999999999, -133.7022653758242, -292.6421581254576, -586.0, -349.9401894722764, 645.5112739027351, 163.5495704078232, 72, 44, 87, 47, 49.45
23860, 820.5903264477897, 368.2668452717536, 447.0, 820.5654093560831, 367.785367816933, 447.0, -139.2697672855385, -284.9791491547382, -594.0, -358.6639394005421, 647.7240068710537, 165.7673834416202, 74, 45, 38, -2, 22.56
23962, 820.7124932928506, 375.2657791378483, 448.9999999999999, 820.6875762011441, 374.7843016830277, 448.9999999999999, -142.8420713731147, -279.0338367570683, -599.0, -365.4523372398209, 649.4321212629123, 165.8762899585187, 68, 15, 11, -29, 3.960000000000004
24089, 820.8695649507863, 384.2644083942559, 448.9999999999999, 820.8446478590798, 383.7829309394353, 448.9999999999999, -147.4140713731147, -271.1149004648634, -600.0, -374.1698252494171, 651.6693970176075, 165.606133746647, 72, 1, 13, -27, 1.02
24199, 820.8695649507863, 392.2644083942558, 449.9999999999999, 820.8446478590798, 391.7829309394353, 449.9999999999999, -151.2537635654657, -264.1879123843194, -601.0, -381.9344092936614, 653.595853510723, 166.0658213229037, 72, -2, 15, -25, -0.27
24320, 820.8695649507863, 400.2644083942559, 449.9999999999999, 820.8446478590798, 399.7829309394352, 449.9999999999999, -155.1733816431651, -256.8161829315402, -602.0, -389.6898235947289, 655.5588993631671, 165.7956651110321, 69, 5, 27, -13, 4.53
24438, 820.8695649507863, 408.2644083942559, 449.9999999999999, 820.8446478590798, 407.7829309394352, 449.9999999999999, -158.8697722920444, -249.5616078115985, -603.0, -397.4358957321395, 657.5584909319709, 165.5255088991605, 69, 7, 41, 1, 12.41
24563, 820.5554694804638, 417.2589258374277, 451.9999999999999, 820.4956528920547, 417.7768392096262, 451.9999999999999, -162.7603162197975, -241.5848106506934, -604.0, -407.168288010043, 659.8564336094556, 166.7150402635455, 71, 15, 44, 4, 14.75
24689, 820.0844458742774, 426.2465916502189, 452.9999999999999, 820.0769652421112, 425.7658754876628, 452.9999999999999, -166.3050290174522, -233.2339906201728, -607.0, -414.9516072496334, 661.7057420246805, 166.6344154160589, 72, 6, 29, -11, 4.350000000000001
24810, 819.5263940843244, 434.2271040522975, 453.9999999999998, 819.4491569784141, 434.7439519400011, 453.9999999999998, -169.5232742614883, -225.2685541255896, -608.0, -423.7242511543514, 663.7158959792356, 167.0941029923157, 71, 8, 46, 6, 14.64
24918, 818.829148142343, 442.1966616370315, 454.9999999999998, 818.8390667791804, 441.7173148266435, 454.9999999999998, -172.1089465450304, -218.1644779124481, -610.0000000000001, -430.5525531140013, 665.2567698701952, 167.2836343567007, 70, 15, 43, 3, 13.12
25018, 817.9760627385072, 449.1444846985208, 456.9999999999999, 817.9859813753446, 448.6651378881326, 456.9999999999999, -174.272065505655, -211.507082298382, -612.0, -437.4047000151757, 666.6878823202584, 168.2030095092142, 70, 10, 34, -6, 7.260000000000001
25120, 817.1229773346711, 456.09230776001, 456.9999999999999, 817.1328959715085, 455.6129609496219, 456.9999999999999, -176.2682312364817, -204.5456250963968, -614.0000000000001, -444.2430467198015, 668.183547505831, 167.6626970854709, 71, 6, 37, -3, 8.739999999999998
25228, 816.0095925269907, 464.0144523099425, 457.9999999999998, 816.0195111638281, 463.5351054995545, 457.9999999999998, -178.1969507605857, -197.3475458388906, -615.0, -452.0717624919661, 669.8301225447103, 168.1223846617276, 69, 9, 47, 7, 15.37
25349, 814.6204071056554, 471.8929143340402, 459.9999999999998, 814.6303257424927, 471.4135675236522, 459.9999999999998, -180.30457431505, -188.8943294715741, -616.0, -459.9329736047736, 671.3138205732433, 169.3119160261126, 72, 17, 39, -1, 11.0
25468, 813.0939351426431, 479.7459318016215, 460.9999999999999, 812.9130447841039, 480.2482121746812, 460.9999999999999, -181.7303995018732, -180.8080730115909, -620.0, -468.7664513525678, 673.0370938769373, 168.9611349667545, 69, 6, 31, -9, 4.950000000000002
25568, 811.6385533069186, 486.5929650067581, 461.9999999999999, 811.4576629483794, 487.0952453798179, 461.9999999999999, -182.7941538641467, -174.091792295544, -621.0, -475.6474663059179, 674.3222527043869, 169.4208225430112, 68, 5, 38, -2, 8.860000000000001
25688, 809.613993817824, 495.3622955898253, 462.9999999999999, 809.6580545136286, 494.8902058980997, 462.9999999999999, -183.9465071400961, -165.8923726863638, -622.0, -483.5230140644554, 675.7278655611133, 169.8805101192679, 69, 11, 42, 2, 11.55
25807, 807.6786186530267, 503.1246614000333, 464.0, 807.7226793488313, 502.6525717083077, 464.0, -184.9036689632001, -158.0969152113728, -623.0, -491.4095855494808, 677.0702478507704, 170.3401976955246, 66, 10, 39, -1, 9.65
25928, 805.349247247104, 511.817993836635, 465.0, 805.3933079429086, 511.3459041449093, 465.0, -185.4860657624898, -149.7682529557536, -626.0, -500.2798446079558, 678.5929113840377, 170.2595728480381, 69, 9, 38, -2, 8.700000000000001
26049, 803.1441484005681, 519.5080874041414, 466.0, 803.1882090963727, 519.0359977124158, 466.0, -185.777441660459, -141.4243389409711, -628.0, -508.1689534143174, 679.9203006417114, 170.4491042124232, 69, 8, 44, 4, 12.7
26168, 800.6720124455684, 527.1165395345027, 468.0, 800.4070561469982, 527.5955063590722, 468.0, -185.777441660459, -132.9753389409711, -630.0, -517.0670191103174, 681.2710141086118, 171.3684793649367, 71, 14, 48, 8, 15.93
26288, 797.7418990554541, 535.6262067148966, 469.0, 797.802510911341, 535.1596549638668, 469.0, -185.6308414463858, -124.5766183016574, -631.0, -524.9857889384969, 682.408152802139, 171.8281669411934, 70, 14, 39, -1, 10.66
26409, 795.0057379088487, 543.1437476811838, 470.0000000000001, 795.0663497647356, 542.677195930154, 470.0000000000001, -185.1748905955973, -115.8765577948756, -633.0, -532.9082770280346, 683.5190904561649, 172.0176983055785, 72, 7, 33, -7, 6.180000000000001
26528, 791.7804263629409, 551.5459715196585, 471.0000000000001, 791.8410382188279, 551.0794197686288, 471.0000000000001, -184.4696263252833, -107.8153502979172, -635.0000000000001, -541.8251616444971, 684.7394054715165, 172.2072296699636, 68, 9, 41, 1, 10.91
26628, 789.1581802090295, 558.0362585016261, 472.0000000000002, 789.2187920649165, 557.5697067505963, 472.0000000000002, -183.6165409214472, -100.8675272364279, -637.0, -548.7636180794257, 685.6655924400053, 172.3967610343487, 70, 9, 41, 1, 10.95
26748, 786.0323311811153, 565.4002973292457, 473.0000000000002, 786.0929430370022, 564.9337455782159, 473.0000000000002, -182.3024914151093, -92.57094517542875, -639.0000000000001, -556.6967406441242, 686.6978551844036, 172.5862923987338, 70, 7, 38, -2, 8.880000000000003
26870, 782.7784380365089, 572.7086609903864, 474.0000000000002, 782.43231324932, 573.1556546969992, 474.0000000000002, -180.5798678048499, -83.70881496326325, -641.0, -565.6252961962925, 687.8296218351953, 172.7758237631189, 74, 8, 34, -6, 5.940000000000002
26983, 779.3974919425832, 579.9591232866796, 475.0000000000003, 779.0513671553944, 580.4061169932925, 475.0000000000003, -178.911792309419, -75.86113676257591, -642.0, -573.5696058199275, 688.7719299609271, 173.2355113393757, 71, 2, 34, -6, 5.370000000000001
27087, 776.3288939150597, 586.2506816107738, 476.0000000000003, 775.9827691278709, 586.6976753173866, 476.0000000000003, -177.2741486337956, -68.7677226909394, -643.0, -580.5272681175881, 689.5406531566954, 173.6951989156324, 70, 6, 37, -3, 6.850000000000001
27199, 772.3835535939579, 594.3398280274663, 476.0000000000003, 772.4757999535582, 593.8880276877799, 476.0000000000003, -175.2450073201919, -61.1948642128331, -645.0, -588.4702438894721, 690.4941393324008, 173.1548864918891, 70, 7, 38, -2, 7.19
27330, 768.297639096302, 602.3588867451616, 477.0000000000003, 768.3898854559023, 601.9070864054752, 477.0000000000003, -172.753521260962, -52.50601974324663, -646.0, -597.4144100572017, 691.495084667592, 173.6145740681458, 69, 7, 34, -6, 4.140000000000001
27442, 764.5418665940148, 609.422467488033, 478.0000000000004, 764.634112953615, 608.9706671483466, 478.0000000000004, -170.4000478318024, -45.26277331514274, -648.0, -605.3676796566584, 692.3585096373261, 173.804105432531, 68, 2, 36, -4, 5.0
27571, 760.3166225289417, 617.3689958237634, 478.0000000000004, 760.408868888542, 616.917195484077, 478.0000000000004, -167.3116059375716, -36.77734894944598, -650.0, -614.3055501668852, 693.4141946009478, 173.2637930087876, 70, 3, 37, -3, 5.12
27699, 756.438145566971, 624.3659534808785, 479.0000000000004, 756.0455823063249, 624.7887728483315, 479.0000000000004, -164.0030805045223, -28.58846114591211, -652.0, -623.2468639186396, 694.4403078464943, 173.4533243731728, 69, 3, 35, -5, 3.25
27819, 752.0748589847539, 632.237530845133, 479.0000000000004, 752.1671053443542, 631.7857305054466, 479.0000000000004, -160.7209390252124, -20.85622037691161, -653.0, -631.1903093714971, 695.3898731878368, 173.1831681613011, 70, 3, 31, -9, -0.4199999999999995
27950, 747.7115724025367, 640.1091082093877, 479.0000000000004, 747.3190091418907, 640.5319275768406, 479.0000000000004, -157.0444465084503, -12.59868298528014, -654.0, -641.113909195086, 696.6236343240642, 172.9130119494295, 69, 0, 37, -3, 2.600000000000001
28059, 743.833095440566, 647.1060658665027, 479.0000000000004, 743.9253418001663, 646.6542655268163, 479.0000000000004, -153.8967116276867, -5.528754688584054, -654.0, -648.0604290715982, 697.4872671194234, 172.9130119494295, 71, 1, 37, -3, 2.36
28168, 740.3330954405661, 653.1682436929938, 480.0000000000004, 740.0468648381956, 653.6512231839314, 479.0000000000004, -150.7181996811348, 1.287586177718594, -655.0, -655.994566837147, 698.5116976525943, 172.6428557375579, 69, 2, 39, -1, 3.47
28269, 736.8330954405661, 659.2304215194848, 480.0000000000004, 736.5468648381956, 659.7134010104225, 480.0000000000004, -147.5303647016847, 7.823616482406138, -656.0, -662.9439055532538, 699.3523470496792, 173.1025433138146, 72, 1, 38, -2, 2.620000000000001
28379, 732.8330954405661, 666.1586247497603, 480.0000000000004, 733.0468648381956, 665.7755788369135, 480.0000000000004, -144.0845768086615, 14.58635600099585, -657.0, -669.8892032753423, 700.2257539145208, 172.8323871019429, 69, 0, 41, 1, 4.38
28512, 728.1977527663754, 673.8731304560793, 481.0000000000005, 727.896484089095, 674.3472518439346, 481.0000000000005, -139.7137965591249, 22.80659809051246, -658.0, -679.8207482932981, 701.3938350573856, 173.2920746781997, 70, 4, 41, 1, 4.42
28629, 723.5624100921848, 681.5876361623983, 481.0000000000005, 723.7761794898145, 681.2045902495514, 481.0000000000005, -135.7432057693074, 29.96973349198412, -659.0, -687.7614898937646, 702.3657521498482, 173.021918466328, 70, 2, 37, -3, 1.68
28751, 719.4421054929043, 688.4449745680151, 481.0000000000005, 719.6558748905339, 688.0619286551682, 481.0000000000005, -131.4732057693074, 37.36559044030322, -660.0000000000001, -695.697560539606, 703.3750998125563, 172.7517622544564, 70, 2, 38, -2, 1.97
28877, 714.8067628187136, 696.159480274334, 481.0000000000005, 715.0205322163433, 695.7764343614872, 481.0000000000005, -126.9305699486007, 44.92580603249586, -661.0, -704.6201867007333, 704.5527000795261, 172.4816060425848, 70, 1, 37, -3, 0.7400000000000002
29013, 709.6563820696131, 704.7311532813551, 481.0000000000005, 709.8701514672427, 704.3481073685083, 481.0000000000005, -122.1674978318326, 52.852889229389, -661.0, -714.5342157686525, 705.8611448206037, 172.4816060425848, 68, 5, 41, 1, 3.25
29127, 705.9469472199805, 710.6674899544501, 482.0000000000006, 705.630797353377, 711.1324921377596, 482.0000000000006, -117.878331307129, 59.7169905196791, -662.0, -722.4735818560929, 706.844234912915, 172.9412936188415, 71, 1, 33, -7, -2.16
29241, 701.8266426207, 717.5248283600669, 481.0000000000005, 701.3914432395113, 717.916876907011, 482.0000000000006, -113.3522239464368, 66.42722063193961, -664.0000000000001, -730.403324296158, 707.9021502376133, 172.4009811950983, 71, -2, 34, -6, -2.129999999999999
